<?xml version="1.0" encoding="UTF-8"?>
<ROOT xmlns:rsd="urn:www.mcafee.com:foundstone:reportsectiondescription">
<ReportInfo CreationDate="2018-05-07 05:43:28 UTC" ReportType="Risk Data" />
<Jobs JobID="118" ScanName="BD_quetTT1_sang_070518_1" ScanType="Internal" StartTime="2018-05-07 04:33:39 UTC" EndTime="2018-05-07 05:43:25 UTC" TestJob="0" />
<Vulnerability>
<Vuln FaultlineID="694" VulnName="VNC HTTP Console">
<Risk>0</Risk>
<Description>A VNC HTTP remote desktop console was detected.</Description><Observation>The Virtual Network Computing (VNC) software package allows for a user to remotely access a graphical desktop environment. The VNC package includes functionality that allows for a user to gain remote console access by connecting a Java enabled web browser to a VNC HTTP server. 

Performing an HTTP GET for the root directory returned one or more files that are part of the VNC HTTP remote console package.

For more information see:

VNC
http://www.uk.research.att.com/vnc/</Observation><Recommendation>If VNC is not required on the server, it is highly recommended to remove all of its files.  To do so, follow the instructions below:

Removing VNC
-----
For Microsoft Windows:

1. Go to start, settings, and then control panel.

2. Then click on Add/Remove programs.

3. In there, you should see VNC Server. 

4. Uninstall VNC Server.</Recommendation><CVE>CVE-MAP-NOMATCH</CVE>
<Host AssetLabel="" IPDword="00000000000000000000FFFF0A012D50" IPAddress="10.1.45.80" OSName="Windows Server 2003 R2 (Service Pack 2)" DNSName="" NBName="EXIMBANK-72F2D6" NBWorkGroupName="WORKGROUP">
<Service ServiceName="ftp" Port="21" Protocol="tcp" />
<Service ServiceName="http" Port="5800" Protocol="tcp" />
<Service ServiceName="loc-srv" Port="135" Protocol="tcp" />
<Service ServiceName="netbios-ns" Port="137" Protocol="udp" />
<Service ServiceName="netbios-ssn" Port="139" Protocol="tcp" />
<Service ServiceName="microsoft-ds" Port="445" Protocol="tcp" />
<Service ServiceName="svchost" Port="1025" Protocol="tcp" />
<Service ServiceName="h323hostcall" Port="1720" Protocol="tcp" />
<Service ServiceName="vnc" Port="5900" Protocol="tcp" />
</Host>
</Vuln>
<Vuln FaultlineID="864" VulnName="NetBIOS NBTSTAT -A">
<Risk>0</Risk>
<Description>It is possible to retrieve NetBIOS Name Service information.</Description><Observation>All Microsoft Windows platforms include support for the NetBIOS network protocol stack. The NetBIOS protocol provides the underlying support for Microsoft Windows file and resource sharing. One component of all Microsoft Windows NetBIOS implementations is the NetBIOS Name Service.

The NetBIOS Name Service listens for name service requests on UDP port 137. It can be queried to retrieve a listing of currently logged in user accounts and groups. In addition, the MAC address for the network interface over which the query is performed is included in the response to a nbtstat -A request.

The DOS nbtstat command can be used to perform this operation. To do so, open a DOS command prompt and run the following command:

nbtstat -A target_system

Where target_system is the IP address or hostname of the target system.</Observation><Recommendation>Disable the NetBIOS Name Service to prevent access to NBTSTAT -A information.

Workaround: Block access to UDP port 137 using a firewall. 

Contact the operating system vendor for hardening steps specific to the operating system.</Recommendation><CVE>CVE-MAP-NOMATCH</CVE>
<Host AssetLabel="" IPDword="00000000000000000000FFFF0A012D50" IPAddress="10.1.45.80" OSName="Windows Server 2003 R2 (Service Pack 2)" DNSName="" NBName="EXIMBANK-72F2D6" NBWorkGroupName="WORKGROUP">
<Service ServiceName="ftp" Port="21" Protocol="tcp" />
<Service ServiceName="http" Port="5800" Protocol="tcp" />
<Service ServiceName="loc-srv" Port="135" Protocol="tcp" />
<Service ServiceName="netbios-ns" Port="137" Protocol="udp" />
<Service ServiceName="netbios-ssn" Port="139" Protocol="tcp" />
<Service ServiceName="microsoft-ds" Port="445" Protocol="tcp" />
<Service ServiceName="svchost" Port="1025" Protocol="tcp" />
<Service ServiceName="h323hostcall" Port="1720" Protocol="tcp" />
<Service ServiceName="vnc" Port="5900" Protocol="tcp" />
</Host>
</Vuln>
<Vuln FaultlineID="891" VulnName="VNC Server Detected">
<Risk>0</Risk>
<Description>A VNC server has been detected on the host.</Description><Observation>An open VNC connection will allow an attacker to obtain sensitive information about the host and possibly gain access to the system.</Observation><Recommendation>A VNC Server application was detected. The affected system should be examined to determine which VNC application is installed. Once determined, it should be removed unless being used for legitimate business purposes.  

To uninstall VNC for Windows NT/2000/XP:
-----

To uninstall using the Add/Remove Programs control panel:

1. Go to the Start menu, select Settings and then Control Panel.

2. Double-click the Add/Remove Programs icon.

3. Select VNC.

4. Click the Add/Remove button.</Recommendation><CVE>CVE-MAP-NOMATCH</CVE>
<Host AssetLabel="" IPDword="00000000000000000000FFFF0A012D50" IPAddress="10.1.45.80" OSName="Windows Server 2003 R2 (Service Pack 2)" DNSName="" NBName="EXIMBANK-72F2D6" NBWorkGroupName="WORKGROUP">
<Service ServiceName="ftp" Port="21" Protocol="tcp" />
<Service ServiceName="http" Port="5800" Protocol="tcp" />
<Service ServiceName="loc-srv" Port="135" Protocol="tcp" />
<Service ServiceName="netbios-ns" Port="137" Protocol="udp" />
<Service ServiceName="netbios-ssn" Port="139" Protocol="tcp" />
<Service ServiceName="microsoft-ds" Port="445" Protocol="tcp" />
<Service ServiceName="svchost" Port="1025" Protocol="tcp" />
<Service ServiceName="h323hostcall" Port="1720" Protocol="tcp" />
<Service ServiceName="vnc" Port="5900" Protocol="tcp" />
</Host>
</Vuln>
<Vuln FaultlineID="4643" VulnName="LSASS RPC Interface Detected">
<Risk>0</Risk>
<Description>LSASS RPC Interface Detected.</Description><Observation>LSASS RPC Interface Detected.</Observation><Recommendation>It is recommended to block the following ports at the network perimeter: 135/TCP,UDP,137/UDP, 138/TCP,UDP, 139/TCP,UDP, 445/TCP,UDP, 593/TCP, 1025/TCP,
1026/TCP.</Recommendation><Host AssetLabel="" IPDword="00000000000000000000FFFF0A012D50" IPAddress="10.1.45.80" OSName="Windows Server 2003 R2 (Service Pack 2)" DNSName="" NBName="EXIMBANK-72F2D6" NBWorkGroupName="WORKGROUP">
<Service ServiceName="ftp" Port="21" Protocol="tcp" />
<Service ServiceName="http" Port="5800" Protocol="tcp" />
<Service ServiceName="loc-srv" Port="135" Protocol="tcp" />
<Service ServiceName="netbios-ns" Port="137" Protocol="udp" />
<Service ServiceName="netbios-ssn" Port="139" Protocol="tcp" />
<Service ServiceName="microsoft-ds" Port="445" Protocol="tcp" />
<Service ServiceName="svchost" Port="1025" Protocol="tcp" />
<Service ServiceName="h323hostcall" Port="1720" Protocol="tcp" />
<Service ServiceName="vnc" Port="5900" Protocol="tcp" />
</Host>
</Vuln>
<Vuln FaultlineID="5491" VulnName="Web Server TLS/SSL X.509 Certificate Enumeration">
<Risk>0</Risk>
<Description>One or more TLS/SSL X.509 certificates obtained from the remote web server have been enumerated.</Description><Observation>Transport Layer Security (TLS) is a protocol used for establishing secure client/server communications. X.509 is an ITU-T standard for Public Key Infrastructure (PKI). X.509 defines the specific format for public key certificates.

One or more TLS/SSL X.509 certificates obtained from the remote web server have been enumerated.</Observation><Recommendation>Review X.509 certificate fields and verify that all information is correct.</Recommendation><Host AssetLabel="" IPDword="00000000000000000000FFFF0A012B15" IPAddress="10.1.43.21" OSName="Windows 7 **" DNSName="" NBName="[Unknown]" NBWorkGroupName="">
<Service ServiceName="ftp" Port="21" Protocol="tcp" />
<Service ServiceName="ssh" Port="22" Protocol="tcp" />
<Service ServiceName="http" Port="9090" Protocol="tcp" />
<Service ServiceName="sunrpc" Port="111" Protocol="tcp" />
<Service ServiceName="unknown" Port="111" Protocol="udp" />
<Service ServiceName="https" Port="8443" Protocol="tcp" />
<Service ServiceName="https" Port="443" Protocol="tcp" />
<Service ServiceName="h323hostcall" Port="1720" Protocol="tcp" />
</Host>
</Vuln>
<Vuln FaultlineID="5690" VulnName="Web Server Self-Signed TLS/SSL X.509 Certificate">
<Risk>0</Risk>
<Description>One or more self-signed TLS/SSL X.509 certificates was obtained from the remote web server.</Description><Observation>Transport Layer Security (TLS) is a protocol used for establishing secure client/server communications. X.509 is an ITU-T standard for Public Key Infrastructure (PKI). X.509 defines the specific format for public key certificates.

One or more self-signed TLS/SSL X.509 certificates was obtained from the remote web server. Self-signed certificates do not provide secure client/server communications and should not be used.</Observation><Recommendation>Install properly signed TLS/SSL X.509 certificates on the web server.</Recommendation><Host AssetLabel="" IPDword="00000000000000000000FFFF0A012B15" IPAddress="10.1.43.21" OSName="Windows 7 **" DNSName="" NBName="[Unknown]" NBWorkGroupName="">
<Service ServiceName="ftp" Port="21" Protocol="tcp" />
<Service ServiceName="ssh" Port="22" Protocol="tcp" />
<Service ServiceName="http" Port="9090" Protocol="tcp" />
<Service ServiceName="sunrpc" Port="111" Protocol="tcp" />
<Service ServiceName="unknown" Port="111" Protocol="udp" />
<Service ServiceName="https" Port="8443" Protocol="tcp" />
<Service ServiceName="https" Port="443" Protocol="tcp" />
<Service ServiceName="h323hostcall" Port="1720" Protocol="tcp" />
</Host>
</Vuln>
<Vuln FaultlineID="7735" VulnName="SSL Certificate Short Public Key">
<Risk>0</Risk>
<Description>The web server is using an SSL certificate with a short public key.
</Description><Observation>SSL is a network communication protocol used for secure connections that provide security for communications over networks such as the Internet.

The web server is using an SSL certificate with a short public key. Longer public keys make it more difficult to spoof a certificate. This check marks public keys shorter than 2048 bits as vulnerable.</Observation><Recommendation>McAfee is unaware of any vendor supplied patch or update (2014-07-28)

It is advised to mitigate the issue by using certificates with public key length of at least 2048 bit.</Recommendation><Host AssetLabel="" IPDword="00000000000000000000FFFF0A012B15" IPAddress="10.1.43.21" OSName="Windows 7 **" DNSName="" NBName="[Unknown]" NBWorkGroupName="">
<Service ServiceName="ftp" Port="21" Protocol="tcp" />
<Service ServiceName="ssh" Port="22" Protocol="tcp" />
<Service ServiceName="http" Port="9090" Protocol="tcp" />
<Service ServiceName="sunrpc" Port="111" Protocol="tcp" />
<Service ServiceName="unknown" Port="111" Protocol="udp" />
<Service ServiceName="https" Port="8443" Protocol="tcp" />
<Service ServiceName="https" Port="443" Protocol="tcp" />
<Service ServiceName="h323hostcall" Port="1720" Protocol="tcp" />
</Host>
</Vuln>
<Vuln FaultlineID="8242" VulnName="SSL Web Server Version Detected">
<Risk>0</Risk>
<Description>Version information was obtained from the SSL web server.</Description><Observation>SSL is a network communication protocol that allows a secure communication between a client and a server.

Version information was obtained from the SSL web server.</Observation><Recommendation>Ensure that SSL web server complies with the corporate policy.</Recommendation><Host AssetLabel="" IPDword="00000000000000000000FFFF0A012B15" IPAddress="10.1.43.21" OSName="Windows 7 **" DNSName="" NBName="[Unknown]" NBWorkGroupName="">
<Service ServiceName="ftp" Port="21" Protocol="tcp" />
<Service ServiceName="ssh" Port="22" Protocol="tcp" />
<Service ServiceName="http" Port="9090" Protocol="tcp" />
<Service ServiceName="sunrpc" Port="111" Protocol="tcp" />
<Service ServiceName="unknown" Port="111" Protocol="udp" />
<Service ServiceName="https" Port="8443" Protocol="tcp" />
<Service ServiceName="https" Port="443" Protocol="tcp" />
<Service ServiceName="h323hostcall" Port="1720" Protocol="tcp" />
</Host>
</Vuln>
<Vuln FaultlineID="8269" VulnName="SSL Server Information Detected">
<Risk>0</Risk>
<Description>SSL server information was detected on the host.</Description><Observation>SSL is a network communication protocol used for secure connections.

SSL server information was detected on the host.</Observation><Recommendation>Ensure that SSL server complies with the corporate policy.

Note: Configure the server to support the latest version of the protocol, strong encryption ciphers and appropriate signed certificate.</Recommendation><Host AssetLabel="" IPDword="00000000000000000000FFFF0A012B15" IPAddress="10.1.43.21" OSName="Windows 7 **" DNSName="" NBName="[Unknown]" NBWorkGroupName="">
<Service ServiceName="ftp" Port="21" Protocol="tcp" />
<Service ServiceName="ssh" Port="22" Protocol="tcp" />
<Service ServiceName="http" Port="9090" Protocol="tcp" />
<Service ServiceName="sunrpc" Port="111" Protocol="tcp" />
<Service ServiceName="unknown" Port="111" Protocol="udp" />
<Service ServiceName="https" Port="8443" Protocol="tcp" />
<Service ServiceName="https" Port="443" Protocol="tcp" />
<Service ServiceName="h323hostcall" Port="1720" Protocol="tcp" />
</Host>
</Vuln>
<Vuln FaultlineID="8489" VulnName="NetBIOS Bindings Information Detected">
<Risk>0</Risk>
<Description>NetBIOS bindings information was detected on the host.</Description><Observation>NetBIOS is a service which allows different computers to communicate with each other over a local area network.

NetBIOS bindings information was detected on the host.</Observation><Recommendation>Ensure that NetBIOS service complies with organizational policies.</Recommendation><Host AssetLabel="" IPDword="00000000000000000000FFFF0A012D50" IPAddress="10.1.45.80" OSName="Windows Server 2003 R2 (Service Pack 2)" DNSName="" NBName="EXIMBANK-72F2D6" NBWorkGroupName="WORKGROUP">
<Service ServiceName="ftp" Port="21" Protocol="tcp" />
<Service ServiceName="http" Port="5800" Protocol="tcp" />
<Service ServiceName="loc-srv" Port="135" Protocol="tcp" />
<Service ServiceName="netbios-ns" Port="137" Protocol="udp" />
<Service ServiceName="netbios-ssn" Port="139" Protocol="tcp" />
<Service ServiceName="microsoft-ds" Port="445" Protocol="tcp" />
<Service ServiceName="svchost" Port="1025" Protocol="tcp" />
<Service ServiceName="h323hostcall" Port="1720" Protocol="tcp" />
<Service ServiceName="vnc" Port="5900" Protocol="tcp" />
</Host>
</Vuln>
<Vuln FaultlineID="8490" VulnName="NetBIOS Names Information Accessible">
<Risk>0</Risk>
<Description>Microsoft NetBIOS names information was detected on the host.</Description><Observation>Microsoft NetBIOS is a service developed to communicate with different computers over a local network.

Microsoft NetBIOS names information was detected on the host.</Observation><Recommendation>Ensure that Microsoft NetBIOS complies with organizational policies.</Recommendation><Host AssetLabel="" IPDword="00000000000000000000FFFF0A012D50" IPAddress="10.1.45.80" OSName="Windows Server 2003 R2 (Service Pack 2)" DNSName="" NBName="EXIMBANK-72F2D6" NBWorkGroupName="WORKGROUP">
<Service ServiceName="ftp" Port="21" Protocol="tcp" />
<Service ServiceName="http" Port="5800" Protocol="tcp" />
<Service ServiceName="loc-srv" Port="135" Protocol="tcp" />
<Service ServiceName="netbios-ns" Port="137" Protocol="udp" />
<Service ServiceName="netbios-ssn" Port="139" Protocol="tcp" />
<Service ServiceName="microsoft-ds" Port="445" Protocol="tcp" />
<Service ServiceName="svchost" Port="1025" Protocol="tcp" />
<Service ServiceName="h323hostcall" Port="1720" Protocol="tcp" />
<Service ServiceName="vnc" Port="5900" Protocol="tcp" />
</Host>
</Vuln>
<Vuln FaultlineID="9866" VulnName="Web Server HTTP TRACE Method Enabled">
<Risk>0</Risk>
<Description>HTTP TRACE method is enabled on the HTTP server.</Description><Observation>Web servers are widely used to serve static and dynamic content and render it in the client's browser.

HTTP TRACE method is enabled on the HTTP server. This method could be potentially exploited by attacker to obtain sensitive information.</Observation><Recommendation> HTTP TRACE should be disabled on the HTTP server if it is not required.</Recommendation><Host AssetLabel="" IPDword="00000000000000000000FFFF0A012B15" IPAddress="10.1.43.21" OSName="Windows 7 **" DNSName="" NBName="[Unknown]" NBWorkGroupName="">
<Service ServiceName="ftp" Port="21" Protocol="tcp" />
<Service ServiceName="ssh" Port="22" Protocol="tcp" />
<Service ServiceName="http" Port="9090" Protocol="tcp" />
<Service ServiceName="sunrpc" Port="111" Protocol="tcp" />
<Service ServiceName="unknown" Port="111" Protocol="udp" />
<Service ServiceName="https" Port="8443" Protocol="tcp" />
<Service ServiceName="https" Port="443" Protocol="tcp" />
<Service ServiceName="h323hostcall" Port="1720" Protocol="tcp" />
</Host>
</Vuln>
<Vuln FaultlineID="10224" VulnName="Hidden WWW Server Name Detected">
<Risk>0</Risk>
<Description>Hidden WWW server name detected.</Description><Observation>WWW server is a computer application for delivering web based contents using HTTP.

Hidden WWW server name detected. Web server name can be hidden as a security measure.</Observation><Recommendation>Ensure that web server complies with corporate policy.</Recommendation><Host AssetLabel="" IPDword="00000000000000000000FFFF0A012D50" IPAddress="10.1.45.80" OSName="Windows Server 2003 R2 (Service Pack 2)" DNSName="" NBName="EXIMBANK-72F2D6" NBWorkGroupName="WORKGROUP">
<Service ServiceName="ftp" Port="21" Protocol="tcp" />
<Service ServiceName="http" Port="5800" Protocol="tcp" />
<Service ServiceName="loc-srv" Port="135" Protocol="tcp" />
<Service ServiceName="netbios-ns" Port="137" Protocol="udp" />
<Service ServiceName="netbios-ssn" Port="139" Protocol="tcp" />
<Service ServiceName="microsoft-ds" Port="445" Protocol="tcp" />
<Service ServiceName="svchost" Port="1025" Protocol="tcp" />
<Service ServiceName="h323hostcall" Port="1720" Protocol="tcp" />
<Service ServiceName="vnc" Port="5900" Protocol="tcp" />
</Host>
</Vuln>
<Vuln FaultlineID="11192" VulnName="Microsoft Remote Procedure Call Service Detected">
<Risk>0</Risk>
<Description>Microsoft Remote Procedure Call Service was detected on the host.</Description><Observation>Microsoft Remote Procedure Call Service (MSRPC) service is the DCE RPC mechanism implemented by Microsoft. It supports inheritance of interfaces, Unicode strings and implicit handles.

Microsoft Remote Procedure Call Service was detected on the host.</Observation><Recommendation>Ensure that MSRPC complies with organizational policy.</Recommendation><Host AssetLabel="" IPDword="00000000000000000000FFFF0A012D50" IPAddress="10.1.45.80" OSName="Windows Server 2003 R2 (Service Pack 2)" DNSName="" NBName="EXIMBANK-72F2D6" NBWorkGroupName="WORKGROUP">
<Service ServiceName="ftp" Port="21" Protocol="tcp" />
<Service ServiceName="http" Port="5800" Protocol="tcp" />
<Service ServiceName="loc-srv" Port="135" Protocol="tcp" />
<Service ServiceName="netbios-ns" Port="137" Protocol="udp" />
<Service ServiceName="netbios-ssn" Port="139" Protocol="tcp" />
<Service ServiceName="microsoft-ds" Port="445" Protocol="tcp" />
<Service ServiceName="svchost" Port="1025" Protocol="tcp" />
<Service ServiceName="h323hostcall" Port="1720" Protocol="tcp" />
<Service ServiceName="vnc" Port="5900" Protocol="tcp" />
</Host>
</Vuln>
<Vuln FaultlineID="11200" VulnName="SSH Protocol Supported Versions Detected">
<Risk>0</Risk>
<Description>SSH protocol supported version was detected on the host.</Description><Observation>SSH protocol is used to establish a secure channel for data exchange.

SSH protocol supported version was detected on the host.</Observation><Recommendation>Ensure that ssh protocol complies with organizational policy.</Recommendation><Host AssetLabel="" IPDword="00000000000000000000FFFF0A012B15" IPAddress="10.1.43.21" OSName="Windows 7 **" DNSName="" NBName="[Unknown]" NBWorkGroupName="">
<Service ServiceName="ftp" Port="21" Protocol="tcp" />
<Service ServiceName="ssh" Port="22" Protocol="tcp" />
<Service ServiceName="http" Port="9090" Protocol="tcp" />
<Service ServiceName="sunrpc" Port="111" Protocol="tcp" />
<Service ServiceName="unknown" Port="111" Protocol="udp" />
<Service ServiceName="https" Port="8443" Protocol="tcp" />
<Service ServiceName="https" Port="443" Protocol="tcp" />
<Service ServiceName="h323hostcall" Port="1720" Protocol="tcp" />
</Host>
</Vuln>
<Vuln FaultlineID="11218" VulnName="Web Server HTTP Protocol Version Detected">
<Risk>0</Risk>
<Description>HTTP protocol version was obtained from the host through web server.</Description><Observation>Web servers are widely used to serve static and dynamic content and render it in the client's browser.

HTTP protocol version was obtained from the host through web server.</Observation><Recommendation>Ensure that web server complies with organizational policy.</Recommendation><Host AssetLabel="" IPDword="00000000000000000000FFFF0A012B15" IPAddress="10.1.43.21" OSName="Windows 7 **" DNSName="" NBName="[Unknown]" NBWorkGroupName="">
<Service ServiceName="ftp" Port="21" Protocol="tcp" />
<Service ServiceName="ssh" Port="22" Protocol="tcp" />
<Service ServiceName="http" Port="9090" Protocol="tcp" />
<Service ServiceName="sunrpc" Port="111" Protocol="tcp" />
<Service ServiceName="unknown" Port="111" Protocol="udp" />
<Service ServiceName="https" Port="8443" Protocol="tcp" />
<Service ServiceName="https" Port="443" Protocol="tcp" />
<Service ServiceName="h323hostcall" Port="1720" Protocol="tcp" />
</Host>
</Vuln>
<Vuln FaultlineID="11322" VulnName="VNC Server Security Type Detected">
<Risk>0</Risk>
<Description>A VNC server security type supported was detected on the host.</Description><Observation>VNC server is used to interact with desktop applications across any network.

A VNC server security type supported was detected on the host.</Observation><Recommendation>Ensure that the VNC server complies with organizational policy.</Recommendation><Host AssetLabel="" IPDword="00000000000000000000FFFF0A012D50" IPAddress="10.1.45.80" OSName="Windows Server 2003 R2 (Service Pack 2)" DNSName="" NBName="EXIMBANK-72F2D6" NBWorkGroupName="WORKGROUP">
<Service ServiceName="ftp" Port="21" Protocol="tcp" />
<Service ServiceName="http" Port="5800" Protocol="tcp" />
<Service ServiceName="loc-srv" Port="135" Protocol="tcp" />
<Service ServiceName="netbios-ns" Port="137" Protocol="udp" />
<Service ServiceName="netbios-ssn" Port="139" Protocol="tcp" />
<Service ServiceName="microsoft-ds" Port="445" Protocol="tcp" />
<Service ServiceName="svchost" Port="1025" Protocol="tcp" />
<Service ServiceName="h323hostcall" Port="1720" Protocol="tcp" />
<Service ServiceName="vnc" Port="5900" Protocol="tcp" />
</Host>
</Vuln>
<Vuln FaultlineID="12108" VulnName="TLS-SSL Server Untrusted X.509 Certificate Detection">
<Risk>0</Risk>
<Description>Untrusted TLS/SSL server X.509 certificate was detected on the host.</Description><Observation>TLS/SSL is a network communication protocol used for secure connections.

Untrusted TLS/SSL server X.509 certificate was detected on the host. TLS/SSL certificate seems to be signed by a non-trusted Certification Authority (CA).

This could also indicate that a TLS/SSL man-in-the-middle is taking place and is eavesdropping on TLS/SSL connections. </Observation><Recommendation>Ensure that TLS/SSL Server and the SSL certifficate used complies with the organizational policy.</Recommendation><Host AssetLabel="" IPDword="00000000000000000000FFFF0A012B15" IPAddress="10.1.43.21" OSName="Windows 7 **" DNSName="" NBName="[Unknown]" NBWorkGroupName="">
<Service ServiceName="ftp" Port="21" Protocol="tcp" />
<Service ServiceName="ssh" Port="22" Protocol="tcp" />
<Service ServiceName="http" Port="9090" Protocol="tcp" />
<Service ServiceName="sunrpc" Port="111" Protocol="tcp" />
<Service ServiceName="unknown" Port="111" Protocol="udp" />
<Service ServiceName="https" Port="8443" Protocol="tcp" />
<Service ServiceName="https" Port="443" Protocol="tcp" />
<Service ServiceName="h323hostcall" Port="1720" Protocol="tcp" />
</Host>
</Vuln>
<Vuln FaultlineID="13017" VulnName="NetBIOS Null Session Enabled">
<Risk>0</Risk>
<Description>NetBIOS Null sessions are enabled on the host.</Description><Observation>A NetBIOS null session allows users to connect to a host remotely with no username and password and perform a limited set of administrative tasks. Null sessions allow the remote user to gather information such as:

1. List users
2. List groups
3. List shares (including hidden shares)
4. Policies (such as minimum password length, etc.)

While the enumerated information is not an immediate risk, much of the information can be leveraged to launch an attack to gain user or administrative privilege. All steps should be taken to eliminate the vulnerability and/or reduce the information available to the attacker.

This check only attempts to establish a NetBIOS null session with the host. It does not attempt to determine what information is accessible with the null session.
</Observation><Recommendation>Disable or restrict null session access to network shares.

For Windows operating systems, the configuration steps may vary based on the type of operating system and Domain or Local Security policies. Contact the operating system vendor for hardening steps specific to the operating system and setup environment.

For Unix Samba based server, make sure that samba's configuration parameter "guest ok"  is set to "no" and set the "restrict anonymous" parameter.

Workaround: Block access to TCP port 139 (NetBIOS) and TCP port 445 using a firewall. 

Note: Blocking access for MVM to both TCP ports 139 and 445 will also block MVM's credential based scans. This should only be done if credential based scans are not needed.</Recommendation><Host AssetLabel="" IPDword="00000000000000000000FFFF0A012D50" IPAddress="10.1.45.80" OSName="Windows Server 2003 R2 (Service Pack 2)" DNSName="" NBName="EXIMBANK-72F2D6" NBWorkGroupName="WORKGROUP">
<Service ServiceName="ftp" Port="21" Protocol="tcp" />
<Service ServiceName="http" Port="5800" Protocol="tcp" />
<Service ServiceName="loc-srv" Port="135" Protocol="tcp" />
<Service ServiceName="netbios-ns" Port="137" Protocol="udp" />
<Service ServiceName="netbios-ssn" Port="139" Protocol="tcp" />
<Service ServiceName="microsoft-ds" Port="445" Protocol="tcp" />
<Service ServiceName="svchost" Port="1025" Protocol="tcp" />
<Service ServiceName="h323hostcall" Port="1720" Protocol="tcp" />
<Service ServiceName="vnc" Port="5900" Protocol="tcp" />
</Host>
</Vuln>
<Vuln FaultlineID="14864" VulnName="SSL/TLS Server Preferred CipherSuite Detection">
<Risk>0</Risk>
<Description>The ciphersuite the SSL/TLS server preferred to use has been detected.</Description><Observation>The ciphersuite the SSL/TLS server preferred to use has been detected. By far, the ciphersuites which are using CBC and RC4 algorithm were found one or more issues. Successful exploitation could allow an attacker to decrypt the sensitive data.</Observation><Recommendation>Consider to use the TLS 1.2 or later protocol and prioritize secure ciphersuites. Currently AEAD ciphersuites were considered as secure. But for TLS 1.1 and prior, it should be safe to use CBC or RC4 ciphersuites if you already applied all known countermeasure or patch for your target.</Recommendation><Host AssetLabel="" IPDword="00000000000000000000FFFF0A012B15" IPAddress="10.1.43.21" OSName="Windows 7 **" DNSName="" NBName="[Unknown]" NBWorkGroupName="">
<Service ServiceName="ftp" Port="21" Protocol="tcp" />
<Service ServiceName="ssh" Port="22" Protocol="tcp" />
<Service ServiceName="http" Port="9090" Protocol="tcp" />
<Service ServiceName="sunrpc" Port="111" Protocol="tcp" />
<Service ServiceName="unknown" Port="111" Protocol="udp" />
<Service ServiceName="https" Port="8443" Protocol="tcp" />
<Service ServiceName="https" Port="443" Protocol="tcp" />
<Service ServiceName="h323hostcall" Port="1720" Protocol="tcp" />
</Host>
</Vuln>
<Vuln FaultlineID="17165" VulnName="TLS/SSL Server X.509 Certificate SHA1 Signature Detected">
<Risk>0</Risk>
<Description>TLS/SSL server X.509 certificate's signature computed with SHA1 hash algorithm was detected on the host.</Description><Observation>SHA1 is a hashing algorithm used in the process of computing X.509 certificate signature.

TLS/SSL server X.509 certificate's signature computed with SHA1 hash algorithm was detected on the host. SHA1 is proven to be not a strong hashing algorithm.</Observation><Recommendation>Ensure that TLS/SSL server complies with organizational policies.</Recommendation><Host AssetLabel="" IPDword="00000000000000000000FFFF0A012B15" IPAddress="10.1.43.21" OSName="Windows 7 **" DNSName="" NBName="[Unknown]" NBWorkGroupName="">
<Service ServiceName="ftp" Port="21" Protocol="tcp" />
<Service ServiceName="ssh" Port="22" Protocol="tcp" />
<Service ServiceName="http" Port="9090" Protocol="tcp" />
<Service ServiceName="sunrpc" Port="111" Protocol="tcp" />
<Service ServiceName="unknown" Port="111" Protocol="udp" />
<Service ServiceName="https" Port="8443" Protocol="tcp" />
<Service ServiceName="https" Port="443" Protocol="tcp" />
<Service ServiceName="h323hostcall" Port="1720" Protocol="tcp" />
</Host>
</Vuln>
<Vuln FaultlineID="18179" VulnName="TLS/SSL RC4 Cipher Suites Information Disclosure Vulnerability">
<Risk>5</Risk>
<Description>An information disclosure vulnerability is present in some versions of TLS/SSL implementations.</Description><Observation>TLS/SSL is a secure communications protocol.

An information disclosure vulnerability is present in some versions of TLS/SSL implementations. The flaw lies in RC4 cipher suites. Successful exploitation could allow an attacker to recover encrypted plain texts. </Observation><Recommendation>Because this flaw lies in RC4 design, there will be no patch available.

For workaround, disable RC4 cipher suite in your TLS/SSL server.</Recommendation><CVE>CVE-2015-2808</CVE>
<Host AssetLabel="" IPDword="00000000000000000000FFFF0A012B15" IPAddress="10.1.43.21" OSName="Windows 7 **" DNSName="" NBName="[Unknown]" NBWorkGroupName="">
<Service ServiceName="ftp" Port="21" Protocol="tcp" />
<Service ServiceName="ssh" Port="22" Protocol="tcp" />
<Service ServiceName="http" Port="9090" Protocol="tcp" />
<Service ServiceName="sunrpc" Port="111" Protocol="tcp" />
<Service ServiceName="unknown" Port="111" Protocol="udp" />
<Service ServiceName="https" Port="8443" Protocol="tcp" />
<Service ServiceName="https" Port="443" Protocol="tcp" />
<Service ServiceName="h323hostcall" Port="1720" Protocol="tcp" />
</Host>
</Vuln>
<Vuln FaultlineID="18582" VulnName="Insecure TLS/SSL Protocol Detection">
<Risk>0</Risk>
<Description>Insecure TLS/SSL Protocol is detected.</Description><Observation>TLS/SSL are cryptography and security protocols.

SSL v2.0, SSH v1.0 and TLS 1.0 have known vulnerabilities that an attacker can use to gain control of an affected target.</Observation><Recommendation>It is recommended to use TLS v1.1 or later to ensure environment is configured to use only secure versions of cryptography and security protocols.</Recommendation><Host AssetLabel="" IPDword="00000000000000000000FFFF0A012B15" IPAddress="10.1.43.21" OSName="Windows 7 **" DNSName="" NBName="[Unknown]" NBWorkGroupName="">
<Service ServiceName="ftp" Port="21" Protocol="tcp" />
<Service ServiceName="ssh" Port="22" Protocol="tcp" />
<Service ServiceName="http" Port="9090" Protocol="tcp" />
<Service ServiceName="sunrpc" Port="111" Protocol="tcp" />
<Service ServiceName="unknown" Port="111" Protocol="udp" />
<Service ServiceName="https" Port="8443" Protocol="tcp" />
<Service ServiceName="https" Port="443" Protocol="tcp" />
<Service ServiceName="h323hostcall" Port="1720" Protocol="tcp" />
</Host>
</Vuln>
<Vuln FaultlineID="18847" VulnName="TLS 1.0 Supported Cipher Suites Detected">
<Risk>0</Risk>
<Description>SSL/TLS supported cipher suite was detected on the host.</Description><Observation>SSL/TLS supports a wide variety of algorithms used for encryption and decryption called ciphers thus allowing users to select different security levels.

SSL/TLS supported cipher suite was detected on the host.</Observation><Recommendation>Ensure that SSL/TLS configuration complies with organizational policies.</Recommendation><Host AssetLabel="" IPDword="00000000000000000000FFFF0A012B15" IPAddress="10.1.43.21" OSName="Windows 7 **" DNSName="" NBName="[Unknown]" NBWorkGroupName="">
<Service ServiceName="ftp" Port="21" Protocol="tcp" />
<Service ServiceName="ssh" Port="22" Protocol="tcp" />
<Service ServiceName="http" Port="9090" Protocol="tcp" />
<Service ServiceName="sunrpc" Port="111" Protocol="tcp" />
<Service ServiceName="unknown" Port="111" Protocol="udp" />
<Service ServiceName="https" Port="8443" Protocol="tcp" />
<Service ServiceName="https" Port="443" Protocol="tcp" />
<Service ServiceName="h323hostcall" Port="1720" Protocol="tcp" />
</Host>
</Vuln>
<Vuln FaultlineID="18848" VulnName="TLS 1.1 Supported Cipher Suites Detected">
<Risk>0</Risk>
<Description>SSL/TLS supported cipher suite was detected on the host.</Description><Observation>SSL/TLS supports a wide variety of algorithms used for encryption and decryption called ciphers thus allowing users to select different security levels.

SSL/TLS supported cipher suite was detected on the host.</Observation><Recommendation>Ensure that SSL/TLS configuration complies with organizational policies.</Recommendation><Host AssetLabel="" IPDword="00000000000000000000FFFF0A012B15" IPAddress="10.1.43.21" OSName="Windows 7 **" DNSName="" NBName="[Unknown]" NBWorkGroupName="">
<Service ServiceName="ftp" Port="21" Protocol="tcp" />
<Service ServiceName="ssh" Port="22" Protocol="tcp" />
<Service ServiceName="http" Port="9090" Protocol="tcp" />
<Service ServiceName="sunrpc" Port="111" Protocol="tcp" />
<Service ServiceName="unknown" Port="111" Protocol="udp" />
<Service ServiceName="https" Port="8443" Protocol="tcp" />
<Service ServiceName="https" Port="443" Protocol="tcp" />
<Service ServiceName="h323hostcall" Port="1720" Protocol="tcp" />
</Host>
</Vuln>
<Vuln FaultlineID="18849" VulnName="TLS 1.2 Supported Cipher Suites Detected">
<Risk>0</Risk>
<Description>SSL/TLS supported cipher suite was detected on the host.</Description><Observation>SSL/TLS supports a wide variety of algorithms used for encryption and decryption called ciphers thus allowing users to select different security levels.

SSL/TLS supported cipher suite was detected on the host.</Observation><Recommendation>Ensure that SSL/TLS configuration complies with organizational policies.</Recommendation><Host AssetLabel="" IPDword="00000000000000000000FFFF0A012B15" IPAddress="10.1.43.21" OSName="Windows 7 **" DNSName="" NBName="[Unknown]" NBWorkGroupName="">
<Service ServiceName="ftp" Port="21" Protocol="tcp" />
<Service ServiceName="ssh" Port="22" Protocol="tcp" />
<Service ServiceName="http" Port="9090" Protocol="tcp" />
<Service ServiceName="sunrpc" Port="111" Protocol="tcp" />
<Service ServiceName="unknown" Port="111" Protocol="udp" />
<Service ServiceName="https" Port="8443" Protocol="tcp" />
<Service ServiceName="https" Port="443" Protocol="tcp" />
<Service ServiceName="h323hostcall" Port="1720" Protocol="tcp" />
</Host>
</Vuln>
<Vuln FaultlineID="20465" VulnName="SSL/TLS Protocol Triple-DES Information Disclosure Vulnerability">
<Risk>5</Risk>
<Description>An information disclosure vulnerability is present in some versions of TLS/SSL implementations.</Description><Observation>TLS/SSL is a secure communications protocol.

An information disclosure vulnerability is present in some versions of TLS/SSL implementations. The flaw lies in 3DES cipher suites. Successful exploitation could allow an attacker to recover encrypted plain texts. </Observation><Recommendation>There is no good way to fix such design flaw. Users should config their TLS/SSL implementation to disable 3DES cipher suites. 

For compatible consideration, OpenSSL move 3DES cipher suites from HIGH to MEDIUM. But this still leave a door to exploit the vulnerability. So it recommended user to update to 1.1.0 or later in order to completely disable 3DES cipher suites.

More information can be found at:

https://sweet32.info/
https://www.openssl.org/blog/blog/2016/08/24/sweet32/</Recommendation><CVE>CVE-2016-2183</CVE>
<Host AssetLabel="" IPDword="00000000000000000000FFFF0A012B15" IPAddress="10.1.43.21" OSName="Windows 7 **" DNSName="" NBName="[Unknown]" NBWorkGroupName="">
<Service ServiceName="ftp" Port="21" Protocol="tcp" />
<Service ServiceName="ssh" Port="22" Protocol="tcp" />
<Service ServiceName="http" Port="9090" Protocol="tcp" />
<Service ServiceName="sunrpc" Port="111" Protocol="tcp" />
<Service ServiceName="unknown" Port="111" Protocol="udp" />
<Service ServiceName="https" Port="8443" Protocol="tcp" />
<Service ServiceName="https" Port="443" Protocol="tcp" />
<Service ServiceName="h323hostcall" Port="1720" Protocol="tcp" />
</Host>
</Vuln>
<Vuln FaultlineID="22867" VulnName="TLS RSA Key Exchange Algorithm Detected">
<Risk>0</Risk>
<Description>TLS RSA key exchange algorithm was detected on the host.</Description><Observation>TLS supports a wide variety of algorithms used for encryption and decryption called ciphers thus allowing users to select different security levels.

TLS RSA key exchange algorithm was detected on the host.

Make sure TLS RSA key exchange algorithm implementation is correct to avoid issue such as Bleichenbacher's Oracle Threat and the new Robot Attack.</Observation><Recommendation>Ensure TLS configuration complies with organizational policies.</Recommendation><Host AssetLabel="" IPDword="00000000000000000000FFFF0A012B15" IPAddress="10.1.43.21" OSName="Windows 7 **" DNSName="" NBName="[Unknown]" NBWorkGroupName="">
<Service ServiceName="ftp" Port="21" Protocol="tcp" />
<Service ServiceName="ssh" Port="22" Protocol="tcp" />
<Service ServiceName="http" Port="9090" Protocol="tcp" />
<Service ServiceName="sunrpc" Port="111" Protocol="tcp" />
<Service ServiceName="unknown" Port="111" Protocol="udp" />
<Service ServiceName="https" Port="8443" Protocol="tcp" />
<Service ServiceName="https" Port="443" Protocol="tcp" />
<Service ServiceName="h323hostcall" Port="1720" Protocol="tcp" />
</Host>
</Vuln>
</Vulnerability>
</ROOT>
