<?xml version="1.0" encoding="UTF-8"?>
<ROOT xmlns:rsd="urn:www.mcafee.com:foundstone:reportsectiondescription">
<ReportInfo CreationDate="2018-05-07 05:43:28 UTC" ReportType="Network Inventory" />
<Jobs JobID="118" ScanName="BD_quetTT1_sang_070518_1" ScanType="Internal" StartTime="2018-05-07 04:33:39 UTC" EndTime="2018-05-07 05:43:25 UTC" TestJob="0" />
<HostData>
<Host AssetLabel="" IPDword="00000000000000000000FFFF0A012B15" IPAddress="10.1.43.21" OSName="Windows 7 **" DNSName="" NBName="[Unknown]" NBWorkGroupName="">
<ServicesFound>
<Service ServiceName="ftp">
<Port>21</Port>
<Protocol>tcp</Protocol>
<Banner><![CDATA[]]></Banner>
</Service>
<Service ServiceName="ssh">
<Port>22</Port>
<Protocol>tcp</Protocol>
<Banner><![CDATA[ SSH-2.0-OpenSSH_5.3 ]]></Banner>
</Service>
<Service ServiceName="http">
<Port>9090</Port>
<Protocol>tcp</Protocol>
<Banner><![CDATA[ HTTP/1.1 200 OK
Date: Mon, 07 May 2018 04:44:55 GMT
Server: Apache/2.2.15 (Oracle)
Last-Modified: Wed, 07 Dec 2016 10:44:29 GMT
ETag: &quot;20295-42-5430f3491db2f&quot;
Accept-Ranges: bytes
Content-Length: 66
Connection: close
Content-Type: text/html; charset=UTF-8

&lt;meta HTTP-EQUIV=&quot;REFRESH&quot; content=&quot;0; url=/ib/faces/login.jspx&quot;&gt; ]]></Banner>
</Service>
<Service ServiceName="sunrpc">
<Port>111</Port>
<Protocol>tcp</Protocol>
<Banner><![CDATA[ Portmap Dump

100000      rpcbind       Ver. 4    TCP  port 111
100000      rpcbind       Ver. 3    TCP  port 111
100000      rpcbind       Ver. 2    TCP  port 111
100000      rpcbind       Ver. 4    UDP  port 111
100000      rpcbind       Ver. 3    UDP  port 111
100000      rpcbind       Ver. 2    UDP  port 111
100024      status        Ver. 1    UDP  port 45380
100024      status        Ver. 1    TCP  port 45565 ]]></Banner>
</Service>
<Service ServiceName="unknown">
<Port>111</Port>
<Protocol>udp</Protocol>
<Banner><![CDATA[ 29 52 50 CD 00 00 00 01 00 00 00 00 00 00 00 00   )RP.............
00 00 00 00 00 00 00 00 00 00 00 00 ** ** ** **   ............ ]]></Banner>
</Service>
<Service ServiceName="https">
<Port>8443</Port>
<Protocol>tcp</Protocol>
<Banner><![CDATA[ HTTP/1.1 200 OK
Date: Mon, 07 May 2018 04:44:42 GMT
Server: Apache/2.2.15 (Oracle)
Last-Modified: Wed, 07 Dec 2016 10:44:29 GMT
ETag: &quot;20295-42-5430f3491db2f&quot;
Accept-Ranges: bytes
Content-Length: 66
Content-Type: text/html; charset=UTF-8

&lt;meta HTTP-EQUIV=&quot;REFRESH&quot; content=&quot;0; url=/ib/faces/login.jspx&quot;&gt; ]]></Banner>
</Service>
<Service ServiceName="https">
<Port>443</Port>
<Protocol>tcp</Protocol>
<Banner><![CDATA[ HTTP/1.1 200 OK
Date: Mon, 07 May 2018 04:44:49 GMT
Server: Apache/2.2.15 (Oracle)
Last-Modified: Wed, 07 Dec 2016 10:44:29 GMT
ETag: &quot;20295-42-5430f3491db2f&quot;
Accept-Ranges: bytes
Content-Length: 66
Content-Type: text/html; charset=UTF-8

&lt;meta HTTP-EQUIV=&quot;REFRESH&quot; content=&quot;0; url=/ib/faces/login.jspx&quot;&gt; ]]></Banner>
</Service>
<Service ServiceName="h323hostcall">
<Port>1720</Port>
<Protocol>tcp</Protocol>
<Banner><![CDATA[]]></Banner>
</Service>
</ServicesFound>
<VulnsFound>
<Vuln id="5491" VulnName="Web Server TLS/SSL X.509 Certificate Enumeration">
<Risk>0</Risk>
<ServiceName>https</ServiceName>
<Port>8443</Port>
<Protocol>tcp</Protocol>
<Description>One or more TLS/SSL X.509 certificates obtained from the remote web server have been enumerated.</Description></Vuln>
<Vuln id="5690" VulnName="Web Server Self-Signed TLS/SSL X.509 Certificate">
<Risk>0</Risk>
<ServiceName>https</ServiceName>
<Port>8443</Port>
<Protocol>tcp</Protocol>
<Description>One or more self-signed TLS/SSL X.509 certificates was obtained from the remote web server.</Description></Vuln>
<Vuln id="7735" VulnName="SSL Certificate Short Public Key">
<Risk>0</Risk>
<ServiceName>https</ServiceName>
<Port>8443</Port>
<Protocol>tcp</Protocol>
<Description>The web server is using an SSL certificate with a short public key.
</Description></Vuln>
<Vuln id="8242" VulnName="SSL Web Server Version Detected">
<Risk>0</Risk>
<ServiceName>https</ServiceName>
<Port>8443</Port>
<Protocol>tcp</Protocol>
<Description>Version information was obtained from the SSL web server.</Description></Vuln>
<Vuln id="8269" VulnName="SSL Server Information Detected">
<Risk>0</Risk>
<ServiceName>https</ServiceName>
<Port>8443</Port>
<Protocol>tcp</Protocol>
<Description>SSL server information was detected on the host.</Description></Vuln>
<Vuln id="9866" VulnName="Web Server HTTP TRACE Method Enabled">
<Risk>0</Risk>
<ServiceName>http</ServiceName>
<Port>9090</Port>
<Protocol>tcp</Protocol>
<Description>HTTP TRACE method is enabled on the HTTP server.</Description></Vuln>
<Vuln id="11200" VulnName="SSH Protocol Supported Versions Detected">
<Risk>0</Risk>
<ServiceName>ssh</ServiceName>
<Port>22</Port>
<Protocol>tcp</Protocol>
<Description>SSH protocol supported version was detected on the host.</Description></Vuln>
<Vuln id="11218" VulnName="Web Server HTTP Protocol Version Detected">
<Risk>0</Risk>
<ServiceName>http</ServiceName>
<Port>9090</Port>
<Protocol>tcp</Protocol>
<Description>HTTP protocol version was obtained from the host through web server.</Description></Vuln>
<Vuln id="12108" VulnName="TLS-SSL Server Untrusted X.509 Certificate Detection">
<Risk>0</Risk>
<ServiceName>https</ServiceName>
<Port>8443</Port>
<Protocol>tcp</Protocol>
<Description>Untrusted TLS/SSL server X.509 certificate was detected on the host.</Description></Vuln>
<Vuln id="14864" VulnName="SSL/TLS Server Preferred CipherSuite Detection">
<Risk>0</Risk>
<ServiceName>https</ServiceName>
<Port>8443</Port>
<Protocol>tcp</Protocol>
<Description>The ciphersuite the SSL/TLS server preferred to use has been detected.</Description></Vuln>
<Vuln id="17165" VulnName="TLS/SSL Server X.509 Certificate SHA1 Signature Detected">
<Risk>0</Risk>
<ServiceName>https</ServiceName>
<Port>8443</Port>
<Protocol>tcp</Protocol>
<Description>TLS/SSL server X.509 certificate's signature computed with SHA1 hash algorithm was detected on the host.</Description></Vuln>
<Vuln id="18179" VulnName="TLS/SSL RC4 Cipher Suites Information Disclosure Vulnerability">
<Risk>5</Risk>
<ServiceName>https</ServiceName>
<Port>8443</Port>
<Protocol>tcp</Protocol>
<Description>An information disclosure vulnerability is present in some versions of TLS/SSL implementations.</Description><CVE>CVE-2015-2808</CVE>
</Vuln>
<Vuln id="18582" VulnName="Insecure TLS/SSL Protocol Detection">
<Risk>0</Risk>
<ServiceName>https</ServiceName>
<Port>8443</Port>
<Protocol>tcp</Protocol>
<Description>Insecure TLS/SSL Protocol is detected.</Description></Vuln>
<Vuln id="18847" VulnName="TLS 1.0 Supported Cipher Suites Detected">
<Risk>0</Risk>
<ServiceName>https</ServiceName>
<Port>8443</Port>
<Protocol>tcp</Protocol>
<Description>SSL/TLS supported cipher suite was detected on the host.</Description></Vuln>
<Vuln id="18848" VulnName="TLS 1.1 Supported Cipher Suites Detected">
<Risk>0</Risk>
<ServiceName>https</ServiceName>
<Port>8443</Port>
<Protocol>tcp</Protocol>
<Description>SSL/TLS supported cipher suite was detected on the host.</Description></Vuln>
<Vuln id="18849" VulnName="TLS 1.2 Supported Cipher Suites Detected">
<Risk>0</Risk>
<ServiceName>https</ServiceName>
<Port>8443</Port>
<Protocol>tcp</Protocol>
<Description>SSL/TLS supported cipher suite was detected on the host.</Description></Vuln>
<Vuln id="20465" VulnName="SSL/TLS Protocol Triple-DES Information Disclosure Vulnerability">
<Risk>5</Risk>
<ServiceName>https</ServiceName>
<Port>8443</Port>
<Protocol>tcp</Protocol>
<Description>An information disclosure vulnerability is present in some versions of TLS/SSL implementations.</Description><CVE>CVE-2016-2183</CVE>
</Vuln>
<Vuln id="22867" VulnName="TLS RSA Key Exchange Algorithm Detected">
<Risk>0</Risk>
<ServiceName>https</ServiceName>
<Port>8443</Port>
<Protocol>tcp</Protocol>
<Description>TLS RSA key exchange algorithm was detected on the host.</Description></Vuln>
</VulnsFound>
<AddressesFound>
<Address IPDword="00000000000000000000FFFF0A012B15" IPAddress="10.1.43.21" />
</AddressesFound>
</Host>
<Host AssetLabel="" IPDword="00000000000000000000FFFF0A012D50" IPAddress="10.1.45.80" OSName="Windows Server 2003 R2 (Service Pack 2)" DNSName="" NBName="EXIMBANK-72F2D6" NBWorkGroupName="WORKGROUP">
<ServicesFound>
<Service ServiceName="ftp">
<Port>21</Port>
<Protocol>tcp</Protocol>
<Banner><![CDATA[]]></Banner>
</Service>
<Service ServiceName="http">
<Port>5800</Port>
<Protocol>tcp</Protocol>
<Banner><![CDATA[ HTTP/1.1 200 OK
Server: RealVNC/E4
Date: Mon, 07 May 2018 04:41:50 GMT
Cache-Control: no-cache
Content-Type: text/html
Connection: close

&lt;html&gt;
&lt;head&gt;
&lt;title&gt;
VNC Viewer for Java
&lt;/title&gt;
&lt;/head&gt;
&lt;body&gt;
&lt;applet code=&quot;vncviewer/VNCViewer.class&quot; archive=&quot;vncviewer.jar&quot;
        width=&quot;600&quot; height=&quot;250&quot;&gt;
&lt;param name=&quot;port&quot; value=&quot; ]]></Banner>
</Service>
<Service ServiceName="loc-srv">
<Port>135</Port>
<Protocol>tcp</Protocol>
<Banner><![CDATA[ e1af8308-5d1f-11c9-91a4-08002b14a0fa [Endpoint Mapper - v3.0]
0b0a6584-9e0f-11cf-a3cf-00805f68cb1b [Local Endpoint Mapper - v1.1]
1d55b526-c137-46c5-ab79-638f2a68e869 [DbgIdl - v1.0]
e60c73e6-88f9-11cf-9af1-0020af6e72f4 [ILocalObjectExporter - v2.0]
99fcfec4-5260-101b-bbcb-00aa0021347a [IOXIDResolver - v0.0]
b9e79e60-3d52-11ce-aaa1-00006901293f [IROT - v0.2]
412f241e-c12a-11ce-abff-0020af6e7a17 [ISCM - v0.2]
00000136-0000-0000-c000-000000000046 [ISCMLocalActivator - v0.0]
c6f3ee72-ce7e-11d1-b71e-00c04fc3111a [IMachineActivatorControl - v1.0]
4d9f4ab8-7d1c-11cf-861e-0020af6e7c57 [IRemoteActivation - v0.0]
000001a0-0000-0000-c000-000000000046 [ISystemActivator - v0.0] ]]></Banner>
</Service>
<Service ServiceName="netbios-ns">
<Port>137</Port>
<Protocol>udp</Protocol>
<Banner><![CDATA[ MAC Address: 00:50:56:81:05:9C
NIC Vendor : VMWare, Inc.

Netbios Name Table (6 names)

EXIMBANK-72F2D6  00  UNIQUE   Workstation service name
WORKGROUP        00  GROUP    Workstation service name
EXIMBANK-72F2D6  20  UNIQUE   Server services name
WORKGROUP        1E  GROUP    Group name
WORKGROUP        1D  UNIQUE   Master browser name
..__MSBROWSE__.  01  GROUP    Master Browser ]]></Banner>
</Service>
<Service ServiceName="netbios-ssn">
<Port>139</Port>
<Protocol>tcp</Protocol>
<Banner><![CDATA[]]></Banner>
</Service>
<Service ServiceName="microsoft-ds">
<Port>445</Port>
<Protocol>tcp</Protocol>
<Banner><![CDATA[ SMB capabilities flags:
- 0001F3FD
Primary Domain:
- WORKGROUP
Server:
- EXIMBANK-72F2D6
Native OS:
- Windows Server 2003 R2 3790 Service Pack 2
Native LAN Manager:
- Windows Server 2003 R2 5.2 ]]></Banner>
</Service>
<Service ServiceName="svchost">
<Port>1025</Port>
<Protocol>tcp</Protocol>
<Banner><![CDATA[ 12345778-1234-abcd-ef00-0123456789ab [LSA access - v0.0]
c681d488-d850-11d0-8c52-00c04fd90f7e [Encrypted File System - v1.0]
11220835-5b26-4d94-ae86-c3e475a809de [Unknown - v1.0]
5cbe92cb-f4be-45c9-9fc9-33e73e557b20 [Unknown - v1.0]
3919286a-b10c-11d0-9ba8-00c04fd92ef5 [LSA DS access - v0.0]
1cbcad78-df0b-4934-b558-87839ea501c9 [Unknown - v0.0]
12345778-1234-abcd-ef00-0123456789ac [SAM access - v1.0]
c9378ff1-16f7-11d0-a0b2-00aa0061426a [Protected Storage - v1.0]
12345678-1234-abcd-ef00-0123456789ab [Spooler service - v1.0] ]]></Banner>
</Service>
<Service ServiceName="h323hostcall">
<Port>1720</Port>
<Protocol>tcp</Protocol>
<Banner><![CDATA[]]></Banner>
</Service>
<Service ServiceName="vnc">
<Port>5900</Port>
<Protocol>tcp</Protocol>
<Banner><![CDATA[ RFB 004.001 ]]></Banner>
</Service>
</ServicesFound>
<VulnsFound>
<Vuln id="694" VulnName="VNC HTTP Console">
<Risk>0</Risk>
<ServiceName>http</ServiceName>
<Port>5800</Port>
<Protocol>tcp</Protocol>
<Description>A VNC HTTP remote desktop console was detected.</Description><CVE>CVE-MAP-NOMATCH</CVE>
</Vuln>
<Vuln id="864" VulnName="NetBIOS NBTSTAT -A">
<Risk>0</Risk>
<ServiceName>netbios-ns</ServiceName>
<Port>137</Port>
<Protocol>udp</Protocol>
<Description>It is possible to retrieve NetBIOS Name Service information.</Description><CVE>CVE-MAP-NOMATCH</CVE>
</Vuln>
<Vuln id="891" VulnName="VNC Server Detected">
<Risk>0</Risk>
<ServiceName>vnc</ServiceName>
<Port>5900</Port>
<Protocol>tcp</Protocol>
<Description>A VNC server has been detected on the host.</Description><CVE>CVE-MAP-NOMATCH</CVE>
</Vuln>
<Vuln id="4643" VulnName="LSASS RPC Interface Detected">
<Risk>0</Risk>
<ServiceName>loc-srv</ServiceName>
<Port>135</Port>
<Protocol>tcp</Protocol>
<Description>LSASS RPC Interface Detected.</Description></Vuln>
<Vuln id="8489" VulnName="NetBIOS Bindings Information Detected">
<Risk>0</Risk>
<ServiceName>netbios-ns</ServiceName>
<Port>137</Port>
<Protocol>udp</Protocol>
<Description>NetBIOS bindings information was detected on the host.</Description></Vuln>
<Vuln id="8490" VulnName="NetBIOS Names Information Accessible">
<Risk>0</Risk>
<ServiceName>netbios-ns</ServiceName>
<Port>137</Port>
<Protocol>udp</Protocol>
<Description>Microsoft NetBIOS names information was detected on the host.</Description></Vuln>
<Vuln id="10224" VulnName="Hidden WWW Server Name Detected">
<Risk>0</Risk>
<ServiceName>http</ServiceName>
<Port>5800</Port>
<Protocol>tcp</Protocol>
<Description>Hidden WWW server name detected.</Description></Vuln>
<Vuln id="11192" VulnName="Microsoft Remote Procedure Call Service Detected">
<Risk>0</Risk>
<ServiceName>loc-srv</ServiceName>
<Port>135</Port>
<Protocol>tcp</Protocol>
<Description>Microsoft Remote Procedure Call Service was detected on the host.</Description></Vuln>
<Vuln id="11322" VulnName="VNC Server Security Type Detected">
<Risk>0</Risk>
<ServiceName>vnc</ServiceName>
<Port>5900</Port>
<Protocol>tcp</Protocol>
<Description>A VNC server security type supported was detected on the host.</Description></Vuln>
<Vuln id="13017" VulnName="NetBIOS Null Session Enabled">
<Risk>0</Risk>
<ServiceName>microsoft-ds</ServiceName>
<Port>445</Port>
<Protocol>tcp</Protocol>
<Description>NetBIOS Null sessions are enabled on the host.</Description></Vuln>
</VulnsFound>
<AddressesFound>
<Address IPDword="00000000000000000000FFFF0A012D50" IPAddress="10.1.45.80" />
</AddressesFound>
</Host>
</HostData>
</ROOT>
