<?xml version="1.0" encoding="UTF-8"?>
<ROOT xmlns:rsd="urn:www.mcafee.com:foundstone:reportsectiondescription">
<ReportInfo CreationDate="2018-05-08 04:58:36 UTC" ReportType="Risk Data" />
<Jobs JobID="119" ScanName="BD_quetTT1_sang_080518_1" ScanType="Internal" StartTime="2018-05-08 04:30:00 UTC" EndTime="2018-05-08 04:58:32 UTC" TestJob="0" />
<Vulnerability>
<Vuln FaultlineID="694" VulnName="VNC HTTP Console">
<Risk>0</Risk>
<Description>A VNC HTTP remote desktop console was detected.</Description><Observation>The Virtual Network Computing (VNC) software package allows for a user to remotely access a graphical desktop environment. The VNC package includes functionality that allows for a user to gain remote console access by connecting a Java enabled web browser to a VNC HTTP server. 

Performing an HTTP GET for the root directory returned one or more files that are part of the VNC HTTP remote console package.

For more information see:

VNC
http://www.uk.research.att.com/vnc/</Observation><Recommendation>If VNC is not required on the server, it is highly recommended to remove all of its files.  To do so, follow the instructions below:

Removing VNC
-----
For Microsoft Windows:

1. Go to start, settings, and then control panel.

2. Then click on Add/Remove programs.

3. In there, you should see VNC Server. 

4. Uninstall VNC Server.</Recommendation><CVE>CVE-MAP-NOMATCH</CVE>
<Host AssetLabel="" IPDword="00000000000000000000FFFF0A000C19" IPAddress="10.0.12.25" OSName="Windows Server 2003 ** (Service Pack 2)" DNSName="" NBName="WIM-01" NBWorkGroupName="CIM">
<Service ServiceName="ftp" Port="21" Protocol="tcp" />
<Service ServiceName="ssh" Port="22" Protocol="tcp" />
<Service ServiceName="domain" Port="53" Protocol="tcp" />
<Service ServiceName="domain" Port="53" Protocol="udp" />
<Service ServiceName="http" Port="9001" Protocol="tcp" />
<Service ServiceName="http" Port="5800" Protocol="tcp" />
<Service ServiceName="http" Port="80" Protocol="tcp" />
<Service ServiceName="kerberos" Port="88" Protocol="tcp" />
<Service ServiceName="ntp" Port="123" Protocol="udp" />
<Service ServiceName="loc-srv" Port="135" Protocol="tcp" />
<Service ServiceName="netbios-ns" Port="137" Protocol="udp" />
<Service ServiceName="netbios-ssn" Port="139" Protocol="tcp" />
<Service ServiceName="ldap" Port="389" Protocol="udp" />
<Service ServiceName="svrloc" Port="427" Protocol="tcp" />
<Service ServiceName="microsoft-ds" Port="445" Protocol="tcp" />
<Service ServiceName="kpasswd" Port="464" Protocol="tcp" />
<Service ServiceName="http-rpc-epmap" Port="593" Protocol="tcp" />
<Service ServiceName="ldaps" Port="636" Protocol="tcp" />
<Service ServiceName="ms-sql-s" Port="1433" Protocol="tcp" />
<Service ServiceName="msft-gc" Port="3268" Protocol="tcp" />
<Service ServiceName="msft-gc-ssl" Port="3269" Protocol="tcp" />
<Service ServiceName="ms-term-service" Port="3389" Protocol="tcp" />
<Service ServiceName="krb524" Port="4444" Protocol="tcp" />
<Service ServiceName="NetBus" Port="12345" Protocol="tcp" />
<Service ServiceName="LDAP" Port="389" Protocol="tcp" />
<Service ServiceName="vnc" Port="5900" Protocol="tcp" />
<Service ServiceName="unknown" Port="8083" Protocol="tcp" />
<Service ServiceName="unknown" Port="49153" Protocol="tcp" />
<Service ServiceName="unknown" Port="49154" Protocol="tcp" />
</Host>
</Vuln>
<Vuln FaultlineID="864" VulnName="NetBIOS NBTSTAT -A">
<Risk>0</Risk>
<Description>It is possible to retrieve NetBIOS Name Service information.</Description><Observation>All Microsoft Windows platforms include support for the NetBIOS network protocol stack. The NetBIOS protocol provides the underlying support for Microsoft Windows file and resource sharing. One component of all Microsoft Windows NetBIOS implementations is the NetBIOS Name Service.

The NetBIOS Name Service listens for name service requests on UDP port 137. It can be queried to retrieve a listing of currently logged in user accounts and groups. In addition, the MAC address for the network interface over which the query is performed is included in the response to a nbtstat -A request.

The DOS nbtstat command can be used to perform this operation. To do so, open a DOS command prompt and run the following command:

nbtstat -A target_system

Where target_system is the IP address or hostname of the target system.</Observation><Recommendation>Disable the NetBIOS Name Service to prevent access to NBTSTAT -A information.

Workaround: Block access to UDP port 137 using a firewall. 

Contact the operating system vendor for hardening steps specific to the operating system.</Recommendation><CVE>CVE-MAP-NOMATCH</CVE>
<Host AssetLabel="" IPDword="00000000000000000000FFFF0A000C19" IPAddress="10.0.12.25" OSName="Windows Server 2003 ** (Service Pack 2)" DNSName="" NBName="WIM-01" NBWorkGroupName="CIM">
<Service ServiceName="ftp" Port="21" Protocol="tcp" />
<Service ServiceName="ssh" Port="22" Protocol="tcp" />
<Service ServiceName="domain" Port="53" Protocol="tcp" />
<Service ServiceName="domain" Port="53" Protocol="udp" />
<Service ServiceName="http" Port="9001" Protocol="tcp" />
<Service ServiceName="http" Port="5800" Protocol="tcp" />
<Service ServiceName="http" Port="80" Protocol="tcp" />
<Service ServiceName="kerberos" Port="88" Protocol="tcp" />
<Service ServiceName="ntp" Port="123" Protocol="udp" />
<Service ServiceName="loc-srv" Port="135" Protocol="tcp" />
<Service ServiceName="netbios-ns" Port="137" Protocol="udp" />
<Service ServiceName="netbios-ssn" Port="139" Protocol="tcp" />
<Service ServiceName="ldap" Port="389" Protocol="udp" />
<Service ServiceName="svrloc" Port="427" Protocol="tcp" />
<Service ServiceName="microsoft-ds" Port="445" Protocol="tcp" />
<Service ServiceName="kpasswd" Port="464" Protocol="tcp" />
<Service ServiceName="http-rpc-epmap" Port="593" Protocol="tcp" />
<Service ServiceName="ldaps" Port="636" Protocol="tcp" />
<Service ServiceName="ms-sql-s" Port="1433" Protocol="tcp" />
<Service ServiceName="msft-gc" Port="3268" Protocol="tcp" />
<Service ServiceName="msft-gc-ssl" Port="3269" Protocol="tcp" />
<Service ServiceName="ms-term-service" Port="3389" Protocol="tcp" />
<Service ServiceName="krb524" Port="4444" Protocol="tcp" />
<Service ServiceName="NetBus" Port="12345" Protocol="tcp" />
<Service ServiceName="LDAP" Port="389" Protocol="tcp" />
<Service ServiceName="vnc" Port="5900" Protocol="tcp" />
<Service ServiceName="unknown" Port="8083" Protocol="tcp" />
<Service ServiceName="unknown" Port="49153" Protocol="tcp" />
<Service ServiceName="unknown" Port="49154" Protocol="tcp" />
</Host>
</Vuln>
<Vuln FaultlineID="891" VulnName="VNC Server Detected">
<Risk>0</Risk>
<Description>A VNC server has been detected on the host.</Description><Observation>An open VNC connection will allow an attacker to obtain sensitive information about the host and possibly gain access to the system.</Observation><Recommendation>A VNC Server application was detected. The affected system should be examined to determine which VNC application is installed. Once determined, it should be removed unless being used for legitimate business purposes.  

To uninstall VNC for Windows NT/2000/XP:
-----

To uninstall using the Add/Remove Programs control panel:

1. Go to the Start menu, select Settings and then Control Panel.

2. Double-click the Add/Remove Programs icon.

3. Select VNC.

4. Click the Add/Remove button.</Recommendation><CVE>CVE-MAP-NOMATCH</CVE>
<Host AssetLabel="" IPDword="00000000000000000000FFFF0A000C19" IPAddress="10.0.12.25" OSName="Windows Server 2003 ** (Service Pack 2)" DNSName="" NBName="WIM-01" NBWorkGroupName="CIM">
<Service ServiceName="ftp" Port="21" Protocol="tcp" />
<Service ServiceName="ssh" Port="22" Protocol="tcp" />
<Service ServiceName="domain" Port="53" Protocol="tcp" />
<Service ServiceName="domain" Port="53" Protocol="udp" />
<Service ServiceName="http" Port="9001" Protocol="tcp" />
<Service ServiceName="http" Port="5800" Protocol="tcp" />
<Service ServiceName="http" Port="80" Protocol="tcp" />
<Service ServiceName="kerberos" Port="88" Protocol="tcp" />
<Service ServiceName="ntp" Port="123" Protocol="udp" />
<Service ServiceName="loc-srv" Port="135" Protocol="tcp" />
<Service ServiceName="netbios-ns" Port="137" Protocol="udp" />
<Service ServiceName="netbios-ssn" Port="139" Protocol="tcp" />
<Service ServiceName="ldap" Port="389" Protocol="udp" />
<Service ServiceName="svrloc" Port="427" Protocol="tcp" />
<Service ServiceName="microsoft-ds" Port="445" Protocol="tcp" />
<Service ServiceName="kpasswd" Port="464" Protocol="tcp" />
<Service ServiceName="http-rpc-epmap" Port="593" Protocol="tcp" />
<Service ServiceName="ldaps" Port="636" Protocol="tcp" />
<Service ServiceName="ms-sql-s" Port="1433" Protocol="tcp" />
<Service ServiceName="msft-gc" Port="3268" Protocol="tcp" />
<Service ServiceName="msft-gc-ssl" Port="3269" Protocol="tcp" />
<Service ServiceName="ms-term-service" Port="3389" Protocol="tcp" />
<Service ServiceName="krb524" Port="4444" Protocol="tcp" />
<Service ServiceName="NetBus" Port="12345" Protocol="tcp" />
<Service ServiceName="LDAP" Port="389" Protocol="tcp" />
<Service ServiceName="vnc" Port="5900" Protocol="tcp" />
<Service ServiceName="unknown" Port="8083" Protocol="tcp" />
<Service ServiceName="unknown" Port="49153" Protocol="tcp" />
<Service ServiceName="unknown" Port="49154" Protocol="tcp" />
</Host>
</Vuln>
<Vuln FaultlineID="955" VulnName="Microsoft Windows Terminal Service">
<Risk>0</Risk>
<Description>Microsoft Windows Terminal service has been detected on the target host.</Description><Observation>Terminal Services allows the remote, full-access administration of any server running Microsoft Windows. This service is optional, and can be disabled at any time.  

If an attacker gains a valid username and password, he can use this service to gain further access on the remote host.

Windows XP uses Terminal Services to provide additional functionality such as Fast User Switch, and Remote Assistance.

Vulnerable Systems:

Microsoft Windows 2000, NT, XP, 2003</Observation><Recommendation>Disable Terminal Services if not in use. Ensure that account policies for Terminal Server users is as restrictive as possible.  

To disable Terminal Services:

For Windows 2000 and NT

1. Click Start &gt; Settings &gt; Control Panel.
2. Double click Add/Remove programs.
3. In the Add/Remove programs window, click Add/Remove Windows Components.
4. Scroll down and click Terminal Services.  Then click Next twice to remove it.</Recommendation><CVE>CVE-MAP-NOMATCH</CVE>
<Host AssetLabel="" IPDword="00000000000000000000FFFF0A000C19" IPAddress="10.0.12.25" OSName="Windows Server 2003 ** (Service Pack 2)" DNSName="" NBName="WIM-01" NBWorkGroupName="CIM">
<Service ServiceName="ftp" Port="21" Protocol="tcp" />
<Service ServiceName="ssh" Port="22" Protocol="tcp" />
<Service ServiceName="domain" Port="53" Protocol="tcp" />
<Service ServiceName="domain" Port="53" Protocol="udp" />
<Service ServiceName="http" Port="9001" Protocol="tcp" />
<Service ServiceName="http" Port="5800" Protocol="tcp" />
<Service ServiceName="http" Port="80" Protocol="tcp" />
<Service ServiceName="kerberos" Port="88" Protocol="tcp" />
<Service ServiceName="ntp" Port="123" Protocol="udp" />
<Service ServiceName="loc-srv" Port="135" Protocol="tcp" />
<Service ServiceName="netbios-ns" Port="137" Protocol="udp" />
<Service ServiceName="netbios-ssn" Port="139" Protocol="tcp" />
<Service ServiceName="ldap" Port="389" Protocol="udp" />
<Service ServiceName="svrloc" Port="427" Protocol="tcp" />
<Service ServiceName="microsoft-ds" Port="445" Protocol="tcp" />
<Service ServiceName="kpasswd" Port="464" Protocol="tcp" />
<Service ServiceName="http-rpc-epmap" Port="593" Protocol="tcp" />
<Service ServiceName="ldaps" Port="636" Protocol="tcp" />
<Service ServiceName="ms-sql-s" Port="1433" Protocol="tcp" />
<Service ServiceName="msft-gc" Port="3268" Protocol="tcp" />
<Service ServiceName="msft-gc-ssl" Port="3269" Protocol="tcp" />
<Service ServiceName="ms-term-service" Port="3389" Protocol="tcp" />
<Service ServiceName="krb524" Port="4444" Protocol="tcp" />
<Service ServiceName="NetBus" Port="12345" Protocol="tcp" />
<Service ServiceName="LDAP" Port="389" Protocol="tcp" />
<Service ServiceName="vnc" Port="5900" Protocol="tcp" />
<Service ServiceName="unknown" Port="8083" Protocol="tcp" />
<Service ServiceName="unknown" Port="49153" Protocol="tcp" />
<Service ServiceName="unknown" Port="49154" Protocol="tcp" />
</Host>
</Vuln>
<Vuln FaultlineID="1923" VulnName="Microsoft SQL TCP Listener Detected">
<Risk>0</Risk>
<Description>A Microsoft SQL Server TCP listener was detected.</Description><Observation>Microsoft SQL Server is an industry standard database server.

MS SQL uses TCP port 1433 for communication between a database and other application servers. Some malware, such as the SQL Slammer/Sapphire Worm, has spread using communication on port 1433.


Systems:

Microsoft SQL - any</Observation><Recommendation>Ensure that access controls restrict network traffic on port 1433 to essential hosts only. Block access to the port on border devices such as firewalls and routers.</Recommendation><Host AssetLabel="" IPDword="00000000000000000000FFFF0A000C19" IPAddress="10.0.12.25" OSName="Windows Server 2003 ** (Service Pack 2)" DNSName="" NBName="WIM-01" NBWorkGroupName="CIM">
<Service ServiceName="ftp" Port="21" Protocol="tcp" />
<Service ServiceName="ssh" Port="22" Protocol="tcp" />
<Service ServiceName="domain" Port="53" Protocol="tcp" />
<Service ServiceName="domain" Port="53" Protocol="udp" />
<Service ServiceName="http" Port="9001" Protocol="tcp" />
<Service ServiceName="http" Port="5800" Protocol="tcp" />
<Service ServiceName="http" Port="80" Protocol="tcp" />
<Service ServiceName="kerberos" Port="88" Protocol="tcp" />
<Service ServiceName="ntp" Port="123" Protocol="udp" />
<Service ServiceName="loc-srv" Port="135" Protocol="tcp" />
<Service ServiceName="netbios-ns" Port="137" Protocol="udp" />
<Service ServiceName="netbios-ssn" Port="139" Protocol="tcp" />
<Service ServiceName="ldap" Port="389" Protocol="udp" />
<Service ServiceName="svrloc" Port="427" Protocol="tcp" />
<Service ServiceName="microsoft-ds" Port="445" Protocol="tcp" />
<Service ServiceName="kpasswd" Port="464" Protocol="tcp" />
<Service ServiceName="http-rpc-epmap" Port="593" Protocol="tcp" />
<Service ServiceName="ldaps" Port="636" Protocol="tcp" />
<Service ServiceName="ms-sql-s" Port="1433" Protocol="tcp" />
<Service ServiceName="msft-gc" Port="3268" Protocol="tcp" />
<Service ServiceName="msft-gc-ssl" Port="3269" Protocol="tcp" />
<Service ServiceName="ms-term-service" Port="3389" Protocol="tcp" />
<Service ServiceName="krb524" Port="4444" Protocol="tcp" />
<Service ServiceName="NetBus" Port="12345" Protocol="tcp" />
<Service ServiceName="LDAP" Port="389" Protocol="tcp" />
<Service ServiceName="vnc" Port="5900" Protocol="tcp" />
<Service ServiceName="unknown" Port="8083" Protocol="tcp" />
<Service ServiceName="unknown" Port="49153" Protocol="tcp" />
<Service ServiceName="unknown" Port="49154" Protocol="tcp" />
</Host>
</Vuln>
<Vuln FaultlineID="2570" VulnName="LDAP Service Detected">
<Risk>0</Risk>
<Description>The LDAP service is running on the host.</Description><Observation>Provides Lightweight Directory Access Protocol (LDAP) connectivity.</Observation><Recommendation>Disable this service unless the functionality provided is required and permitted by your enterprise security policy.  Removing unnecessary services reduces the security risk, exposure and overall digital footprint of hosts in an environment, thereby increasing the overall security posture of your organization.</Recommendation><Host AssetLabel="" IPDword="00000000000000000000FFFF0A000C19" IPAddress="10.0.12.25" OSName="Windows Server 2003 ** (Service Pack 2)" DNSName="" NBName="WIM-01" NBWorkGroupName="CIM">
<Service ServiceName="ftp" Port="21" Protocol="tcp" />
<Service ServiceName="ssh" Port="22" Protocol="tcp" />
<Service ServiceName="domain" Port="53" Protocol="tcp" />
<Service ServiceName="domain" Port="53" Protocol="udp" />
<Service ServiceName="http" Port="9001" Protocol="tcp" />
<Service ServiceName="http" Port="5800" Protocol="tcp" />
<Service ServiceName="http" Port="80" Protocol="tcp" />
<Service ServiceName="kerberos" Port="88" Protocol="tcp" />
<Service ServiceName="ntp" Port="123" Protocol="udp" />
<Service ServiceName="loc-srv" Port="135" Protocol="tcp" />
<Service ServiceName="netbios-ns" Port="137" Protocol="udp" />
<Service ServiceName="netbios-ssn" Port="139" Protocol="tcp" />
<Service ServiceName="ldap" Port="389" Protocol="udp" />
<Service ServiceName="svrloc" Port="427" Protocol="tcp" />
<Service ServiceName="microsoft-ds" Port="445" Protocol="tcp" />
<Service ServiceName="kpasswd" Port="464" Protocol="tcp" />
<Service ServiceName="http-rpc-epmap" Port="593" Protocol="tcp" />
<Service ServiceName="ldaps" Port="636" Protocol="tcp" />
<Service ServiceName="ms-sql-s" Port="1433" Protocol="tcp" />
<Service ServiceName="msft-gc" Port="3268" Protocol="tcp" />
<Service ServiceName="msft-gc-ssl" Port="3269" Protocol="tcp" />
<Service ServiceName="ms-term-service" Port="3389" Protocol="tcp" />
<Service ServiceName="krb524" Port="4444" Protocol="tcp" />
<Service ServiceName="NetBus" Port="12345" Protocol="tcp" />
<Service ServiceName="LDAP" Port="389" Protocol="tcp" />
<Service ServiceName="vnc" Port="5900" Protocol="tcp" />
<Service ServiceName="unknown" Port="8083" Protocol="tcp" />
<Service ServiceName="unknown" Port="49153" Protocol="tcp" />
<Service ServiceName="unknown" Port="49154" Protocol="tcp" />
</Host>
</Vuln>
<Vuln FaultlineID="3941" VulnName="Microsoft Windows Domain Or Workgroup Detection">
<Risk>0</Risk>
<Description>The target's domain or workgroup name was detected.</Description><Observation>Microsoft Windows is an industry standard operating system. It is possible to group computers running the Windows operating system into administrative domains or workgroups.

This check determines the target's primary domain name, system account domain name and whether the primary domain is a workgroup or domain. If the primary domain name has no associated security identifier (SID) then it is determined to be a workgroup name.

This check requires anonymous access to the lsarpc interface. On Windows XP SP2, Windows 2003 and later systems, the default configuration may prevent this check from obtaining the domain information.

For more information see:

http://support.microsoft.com/default.aspx?scid=kb;en-us;179891
</Observation><Recommendation>Ensure that host's domain or workgroup membership complies with corporate policy.</Recommendation><CVE>CVE-MAP-NOMATCH</CVE>
<Host AssetLabel="" IPDword="00000000000000000000FFFF0A000C19" IPAddress="10.0.12.25" OSName="Windows Server 2003 ** (Service Pack 2)" DNSName="" NBName="WIM-01" NBWorkGroupName="CIM">
<Service ServiceName="ftp" Port="21" Protocol="tcp" />
<Service ServiceName="ssh" Port="22" Protocol="tcp" />
<Service ServiceName="domain" Port="53" Protocol="tcp" />
<Service ServiceName="domain" Port="53" Protocol="udp" />
<Service ServiceName="http" Port="9001" Protocol="tcp" />
<Service ServiceName="http" Port="5800" Protocol="tcp" />
<Service ServiceName="http" Port="80" Protocol="tcp" />
<Service ServiceName="kerberos" Port="88" Protocol="tcp" />
<Service ServiceName="ntp" Port="123" Protocol="udp" />
<Service ServiceName="loc-srv" Port="135" Protocol="tcp" />
<Service ServiceName="netbios-ns" Port="137" Protocol="udp" />
<Service ServiceName="netbios-ssn" Port="139" Protocol="tcp" />
<Service ServiceName="ldap" Port="389" Protocol="udp" />
<Service ServiceName="svrloc" Port="427" Protocol="tcp" />
<Service ServiceName="microsoft-ds" Port="445" Protocol="tcp" />
<Service ServiceName="kpasswd" Port="464" Protocol="tcp" />
<Service ServiceName="http-rpc-epmap" Port="593" Protocol="tcp" />
<Service ServiceName="ldaps" Port="636" Protocol="tcp" />
<Service ServiceName="ms-sql-s" Port="1433" Protocol="tcp" />
<Service ServiceName="msft-gc" Port="3268" Protocol="tcp" />
<Service ServiceName="msft-gc-ssl" Port="3269" Protocol="tcp" />
<Service ServiceName="ms-term-service" Port="3389" Protocol="tcp" />
<Service ServiceName="krb524" Port="4444" Protocol="tcp" />
<Service ServiceName="NetBus" Port="12345" Protocol="tcp" />
<Service ServiceName="LDAP" Port="389" Protocol="tcp" />
<Service ServiceName="vnc" Port="5900" Protocol="tcp" />
<Service ServiceName="unknown" Port="8083" Protocol="tcp" />
<Service ServiceName="unknown" Port="49153" Protocol="tcp" />
<Service ServiceName="unknown" Port="49154" Protocol="tcp" />
</Host>
</Vuln>
<Vuln FaultlineID="4643" VulnName="LSASS RPC Interface Detected">
<Risk>0</Risk>
<Description>LSASS RPC Interface Detected.</Description><Observation>LSASS RPC Interface Detected.</Observation><Recommendation>It is recommended to block the following ports at the network perimeter: 135/TCP,UDP,137/UDP, 138/TCP,UDP, 139/TCP,UDP, 445/TCP,UDP, 593/TCP, 1025/TCP,
1026/TCP.</Recommendation><Host AssetLabel="" IPDword="00000000000000000000FFFF0A000C19" IPAddress="10.0.12.25" OSName="Windows Server 2003 ** (Service Pack 2)" DNSName="" NBName="WIM-01" NBWorkGroupName="CIM">
<Service ServiceName="ftp" Port="21" Protocol="tcp" />
<Service ServiceName="ssh" Port="22" Protocol="tcp" />
<Service ServiceName="domain" Port="53" Protocol="tcp" />
<Service ServiceName="domain" Port="53" Protocol="udp" />
<Service ServiceName="http" Port="9001" Protocol="tcp" />
<Service ServiceName="http" Port="5800" Protocol="tcp" />
<Service ServiceName="http" Port="80" Protocol="tcp" />
<Service ServiceName="kerberos" Port="88" Protocol="tcp" />
<Service ServiceName="ntp" Port="123" Protocol="udp" />
<Service ServiceName="loc-srv" Port="135" Protocol="tcp" />
<Service ServiceName="netbios-ns" Port="137" Protocol="udp" />
<Service ServiceName="netbios-ssn" Port="139" Protocol="tcp" />
<Service ServiceName="ldap" Port="389" Protocol="udp" />
<Service ServiceName="svrloc" Port="427" Protocol="tcp" />
<Service ServiceName="microsoft-ds" Port="445" Protocol="tcp" />
<Service ServiceName="kpasswd" Port="464" Protocol="tcp" />
<Service ServiceName="http-rpc-epmap" Port="593" Protocol="tcp" />
<Service ServiceName="ldaps" Port="636" Protocol="tcp" />
<Service ServiceName="ms-sql-s" Port="1433" Protocol="tcp" />
<Service ServiceName="msft-gc" Port="3268" Protocol="tcp" />
<Service ServiceName="msft-gc-ssl" Port="3269" Protocol="tcp" />
<Service ServiceName="ms-term-service" Port="3389" Protocol="tcp" />
<Service ServiceName="krb524" Port="4444" Protocol="tcp" />
<Service ServiceName="NetBus" Port="12345" Protocol="tcp" />
<Service ServiceName="LDAP" Port="389" Protocol="tcp" />
<Service ServiceName="vnc" Port="5900" Protocol="tcp" />
<Service ServiceName="unknown" Port="8083" Protocol="tcp" />
<Service ServiceName="unknown" Port="49153" Protocol="tcp" />
<Service ServiceName="unknown" Port="49154" Protocol="tcp" />
</Host>
</Vuln>
<Vuln FaultlineID="6658" VulnName="JBoss Enterprise Application Platform Status Servlet Request Information Disclosure Vulnerability">
<Risk>4</Risk>
<Description>A vulnerability exists in JBoss Enterprise Application Platform (EAP) that may allow for sensitive information disclosure.</Description><Observation>JBoss Enterprise Application Platform (EAP) is a platform for running Java applications.

The flaw lies in the status servlet in JBoss EAP. Successful exploitation would allow remote attackers to obtain sensitive information via a request with a "full=true" query string.</Observation><Recommendation>Update JBoss Enterprise Application Platform to 4.2.0.CP3 or 4.3.0.CP1</Recommendation><CVE>CVE-2008-3273</CVE>
<Host AssetLabel="" IPDword="00000000000000000000FFFF0A000C19" IPAddress="10.0.12.25" OSName="Windows Server 2003 ** (Service Pack 2)" DNSName="" NBName="WIM-01" NBWorkGroupName="CIM">
<Service ServiceName="ftp" Port="21" Protocol="tcp" />
<Service ServiceName="ssh" Port="22" Protocol="tcp" />
<Service ServiceName="domain" Port="53" Protocol="tcp" />
<Service ServiceName="domain" Port="53" Protocol="udp" />
<Service ServiceName="http" Port="9001" Protocol="tcp" />
<Service ServiceName="http" Port="5800" Protocol="tcp" />
<Service ServiceName="http" Port="80" Protocol="tcp" />
<Service ServiceName="kerberos" Port="88" Protocol="tcp" />
<Service ServiceName="ntp" Port="123" Protocol="udp" />
<Service ServiceName="loc-srv" Port="135" Protocol="tcp" />
<Service ServiceName="netbios-ns" Port="137" Protocol="udp" />
<Service ServiceName="netbios-ssn" Port="139" Protocol="tcp" />
<Service ServiceName="ldap" Port="389" Protocol="udp" />
<Service ServiceName="svrloc" Port="427" Protocol="tcp" />
<Service ServiceName="microsoft-ds" Port="445" Protocol="tcp" />
<Service ServiceName="kpasswd" Port="464" Protocol="tcp" />
<Service ServiceName="http-rpc-epmap" Port="593" Protocol="tcp" />
<Service ServiceName="ldaps" Port="636" Protocol="tcp" />
<Service ServiceName="ms-sql-s" Port="1433" Protocol="tcp" />
<Service ServiceName="msft-gc" Port="3268" Protocol="tcp" />
<Service ServiceName="msft-gc-ssl" Port="3269" Protocol="tcp" />
<Service ServiceName="ms-term-service" Port="3389" Protocol="tcp" />
<Service ServiceName="krb524" Port="4444" Protocol="tcp" />
<Service ServiceName="NetBus" Port="12345" Protocol="tcp" />
<Service ServiceName="LDAP" Port="389" Protocol="tcp" />
<Service ServiceName="vnc" Port="5900" Protocol="tcp" />
<Service ServiceName="unknown" Port="8083" Protocol="tcp" />
<Service ServiceName="unknown" Port="49153" Protocol="tcp" />
<Service ServiceName="unknown" Port="49154" Protocol="tcp" />
</Host>
</Vuln>
<Vuln FaultlineID="6911" VulnName="FTP Server Found">
<Risk>0</Risk>
<Description>An FTP server was detected on the host.</Description><Observation>The File Transfer Protocol (FTP) is a protocol used for transferring files over an Internet Protocol (IP) network.

An FTP server was detected on the host.</Observation><Recommendation>Verify that the FTP server's configuration complies with corporate policy.</Recommendation><Host AssetLabel="" IPDword="00000000000000000000FFFF0A000C19" IPAddress="10.0.12.25" OSName="Windows Server 2003 ** (Service Pack 2)" DNSName="" NBName="WIM-01" NBWorkGroupName="CIM">
<Service ServiceName="ftp" Port="21" Protocol="tcp" />
<Service ServiceName="ssh" Port="22" Protocol="tcp" />
<Service ServiceName="domain" Port="53" Protocol="tcp" />
<Service ServiceName="domain" Port="53" Protocol="udp" />
<Service ServiceName="http" Port="9001" Protocol="tcp" />
<Service ServiceName="http" Port="5800" Protocol="tcp" />
<Service ServiceName="http" Port="80" Protocol="tcp" />
<Service ServiceName="kerberos" Port="88" Protocol="tcp" />
<Service ServiceName="ntp" Port="123" Protocol="udp" />
<Service ServiceName="loc-srv" Port="135" Protocol="tcp" />
<Service ServiceName="netbios-ns" Port="137" Protocol="udp" />
<Service ServiceName="netbios-ssn" Port="139" Protocol="tcp" />
<Service ServiceName="ldap" Port="389" Protocol="udp" />
<Service ServiceName="svrloc" Port="427" Protocol="tcp" />
<Service ServiceName="microsoft-ds" Port="445" Protocol="tcp" />
<Service ServiceName="kpasswd" Port="464" Protocol="tcp" />
<Service ServiceName="http-rpc-epmap" Port="593" Protocol="tcp" />
<Service ServiceName="ldaps" Port="636" Protocol="tcp" />
<Service ServiceName="ms-sql-s" Port="1433" Protocol="tcp" />
<Service ServiceName="msft-gc" Port="3268" Protocol="tcp" />
<Service ServiceName="msft-gc-ssl" Port="3269" Protocol="tcp" />
<Service ServiceName="ms-term-service" Port="3389" Protocol="tcp" />
<Service ServiceName="krb524" Port="4444" Protocol="tcp" />
<Service ServiceName="NetBus" Port="12345" Protocol="tcp" />
<Service ServiceName="LDAP" Port="389" Protocol="tcp" />
<Service ServiceName="vnc" Port="5900" Protocol="tcp" />
<Service ServiceName="unknown" Port="8083" Protocol="tcp" />
<Service ServiceName="unknown" Port="49153" Protocol="tcp" />
<Service ServiceName="unknown" Port="49154" Protocol="tcp" />
</Host>
</Vuln>
<Vuln FaultlineID="6995" VulnName="Microsoft SQL Server Authentication Mode">
<Risk>0</Risk>
<Description>The target host is running Microsoft SQL Server with authentication enabled.</Description><Observation>Microsoft SQL Server is an enterprise class relational database management system. 

The target host is running Microsoft SQL Server with authentication enabled. Microsoft SQL Server has two types of authentication modes: "SQL Server and Windows" and "Windows only".</Observation><Recommendation>Ensure that the Microsoft SQL Server authentication mode in use complies with your enterprise policy.</Recommendation><Host AssetLabel="" IPDword="00000000000000000000FFFF0A000C19" IPAddress="10.0.12.25" OSName="Windows Server 2003 ** (Service Pack 2)" DNSName="" NBName="WIM-01" NBWorkGroupName="CIM">
<Service ServiceName="ftp" Port="21" Protocol="tcp" />
<Service ServiceName="ssh" Port="22" Protocol="tcp" />
<Service ServiceName="domain" Port="53" Protocol="tcp" />
<Service ServiceName="domain" Port="53" Protocol="udp" />
<Service ServiceName="http" Port="9001" Protocol="tcp" />
<Service ServiceName="http" Port="5800" Protocol="tcp" />
<Service ServiceName="http" Port="80" Protocol="tcp" />
<Service ServiceName="kerberos" Port="88" Protocol="tcp" />
<Service ServiceName="ntp" Port="123" Protocol="udp" />
<Service ServiceName="loc-srv" Port="135" Protocol="tcp" />
<Service ServiceName="netbios-ns" Port="137" Protocol="udp" />
<Service ServiceName="netbios-ssn" Port="139" Protocol="tcp" />
<Service ServiceName="ldap" Port="389" Protocol="udp" />
<Service ServiceName="svrloc" Port="427" Protocol="tcp" />
<Service ServiceName="microsoft-ds" Port="445" Protocol="tcp" />
<Service ServiceName="kpasswd" Port="464" Protocol="tcp" />
<Service ServiceName="http-rpc-epmap" Port="593" Protocol="tcp" />
<Service ServiceName="ldaps" Port="636" Protocol="tcp" />
<Service ServiceName="ms-sql-s" Port="1433" Protocol="tcp" />
<Service ServiceName="msft-gc" Port="3268" Protocol="tcp" />
<Service ServiceName="msft-gc-ssl" Port="3269" Protocol="tcp" />
<Service ServiceName="ms-term-service" Port="3389" Protocol="tcp" />
<Service ServiceName="krb524" Port="4444" Protocol="tcp" />
<Service ServiceName="NetBus" Port="12345" Protocol="tcp" />
<Service ServiceName="LDAP" Port="389" Protocol="tcp" />
<Service ServiceName="vnc" Port="5900" Protocol="tcp" />
<Service ServiceName="unknown" Port="8083" Protocol="tcp" />
<Service ServiceName="unknown" Port="49153" Protocol="tcp" />
<Service ServiceName="unknown" Port="49154" Protocol="tcp" />
</Host>
</Vuln>
<Vuln FaultlineID="7304" VulnName="JBoss Administrative Console Security Bypass Vulnerability">
<Risk>8</Risk>
<Description>The JBoss Application Server may allow unauthenticated access to the administrative interface. </Description><Observation>JBoss is an open source application server. 

The default install of JBoss does not restrict access to the administrative console, which allows attackers to bypass authentication and access to the administrative interface. 
</Observation><Recommendation>Enabling role based security or Restricting access to the administrative interface may mitigate this vulnerability. 

http://www.jboss.org/community/wiki/SecureJBoss
http://www.jboss.org/community/wiki/securethejmxconsole
http://www.jboss.org/community/wiki/LimitAccessToCertainClients</Recommendation><CVE>CVE-2007-1036</CVE>
<Host AssetLabel="" IPDword="00000000000000000000FFFF0A000C19" IPAddress="10.0.12.25" OSName="Windows Server 2003 ** (Service Pack 2)" DNSName="" NBName="WIM-01" NBWorkGroupName="CIM">
<Service ServiceName="ftp" Port="21" Protocol="tcp" />
<Service ServiceName="ssh" Port="22" Protocol="tcp" />
<Service ServiceName="domain" Port="53" Protocol="tcp" />
<Service ServiceName="domain" Port="53" Protocol="udp" />
<Service ServiceName="http" Port="9001" Protocol="tcp" />
<Service ServiceName="http" Port="5800" Protocol="tcp" />
<Service ServiceName="http" Port="80" Protocol="tcp" />
<Service ServiceName="kerberos" Port="88" Protocol="tcp" />
<Service ServiceName="ntp" Port="123" Protocol="udp" />
<Service ServiceName="loc-srv" Port="135" Protocol="tcp" />
<Service ServiceName="netbios-ns" Port="137" Protocol="udp" />
<Service ServiceName="netbios-ssn" Port="139" Protocol="tcp" />
<Service ServiceName="ldap" Port="389" Protocol="udp" />
<Service ServiceName="svrloc" Port="427" Protocol="tcp" />
<Service ServiceName="microsoft-ds" Port="445" Protocol="tcp" />
<Service ServiceName="kpasswd" Port="464" Protocol="tcp" />
<Service ServiceName="http-rpc-epmap" Port="593" Protocol="tcp" />
<Service ServiceName="ldaps" Port="636" Protocol="tcp" />
<Service ServiceName="ms-sql-s" Port="1433" Protocol="tcp" />
<Service ServiceName="msft-gc" Port="3268" Protocol="tcp" />
<Service ServiceName="msft-gc-ssl" Port="3269" Protocol="tcp" />
<Service ServiceName="ms-term-service" Port="3389" Protocol="tcp" />
<Service ServiceName="krb524" Port="4444" Protocol="tcp" />
<Service ServiceName="NetBus" Port="12345" Protocol="tcp" />
<Service ServiceName="LDAP" Port="389" Protocol="tcp" />
<Service ServiceName="vnc" Port="5900" Protocol="tcp" />
<Service ServiceName="unknown" Port="8083" Protocol="tcp" />
<Service ServiceName="unknown" Port="49153" Protocol="tcp" />
<Service ServiceName="unknown" Port="49154" Protocol="tcp" />
</Host>
</Vuln>
<Vuln FaultlineID="7980" VulnName="JBoss Web Console Cross-Site Scripting Vulnerability (CVE-2009-2405)">
<Risk>4</Risk>
<Description>JBoss Enterprise Application Platform is prone to multiple cross-site scripting (XSS) vulnerabilities.</Description><Observation>JBoss Enterprise Application Platform is an open-source Java EE-based application server.

JBoss Enterprise Application Platform doesn't properly sanitize user input to the monitorName, objectName, attribute, or period parameters to createSnapshot.jsp, or the monitorName, objectName, attribute, threshold,  period, or enabled parameters to createThresholdMonitor.jsp which allow remote attackers to inject arbitrary web script or HTML.</Observation><Recommendation>Upgrade JBoss EAP 4.2.0 to 4.2.0.CP08, 4.3 to 4.3.0.CP07, and 5.1.0 to 5.1.0GA

https://rhn.redhat.com/errata/RHSA-2009-1636.html
https://rhn.redhat.com/errata/RHSA-2009-1637.html
https://rhn.redhat.com/errata/RHSA-2009-1649.html
https://rhn.redhat.com/errata/RHSA-2009-1650.html </Recommendation><CVE>CVE-2009-2405</CVE>
<Host AssetLabel="" IPDword="00000000000000000000FFFF0A000C19" IPAddress="10.0.12.25" OSName="Windows Server 2003 ** (Service Pack 2)" DNSName="" NBName="WIM-01" NBWorkGroupName="CIM">
<Service ServiceName="ftp" Port="21" Protocol="tcp" />
<Service ServiceName="ssh" Port="22" Protocol="tcp" />
<Service ServiceName="domain" Port="53" Protocol="tcp" />
<Service ServiceName="domain" Port="53" Protocol="udp" />
<Service ServiceName="http" Port="9001" Protocol="tcp" />
<Service ServiceName="http" Port="5800" Protocol="tcp" />
<Service ServiceName="http" Port="80" Protocol="tcp" />
<Service ServiceName="kerberos" Port="88" Protocol="tcp" />
<Service ServiceName="ntp" Port="123" Protocol="udp" />
<Service ServiceName="loc-srv" Port="135" Protocol="tcp" />
<Service ServiceName="netbios-ns" Port="137" Protocol="udp" />
<Service ServiceName="netbios-ssn" Port="139" Protocol="tcp" />
<Service ServiceName="ldap" Port="389" Protocol="udp" />
<Service ServiceName="svrloc" Port="427" Protocol="tcp" />
<Service ServiceName="microsoft-ds" Port="445" Protocol="tcp" />
<Service ServiceName="kpasswd" Port="464" Protocol="tcp" />
<Service ServiceName="http-rpc-epmap" Port="593" Protocol="tcp" />
<Service ServiceName="ldaps" Port="636" Protocol="tcp" />
<Service ServiceName="ms-sql-s" Port="1433" Protocol="tcp" />
<Service ServiceName="msft-gc" Port="3268" Protocol="tcp" />
<Service ServiceName="msft-gc-ssl" Port="3269" Protocol="tcp" />
<Service ServiceName="ms-term-service" Port="3389" Protocol="tcp" />
<Service ServiceName="krb524" Port="4444" Protocol="tcp" />
<Service ServiceName="NetBus" Port="12345" Protocol="tcp" />
<Service ServiceName="LDAP" Port="389" Protocol="tcp" />
<Service ServiceName="vnc" Port="5900" Protocol="tcp" />
<Service ServiceName="unknown" Port="8083" Protocol="tcp" />
<Service ServiceName="unknown" Port="49153" Protocol="tcp" />
<Service ServiceName="unknown" Port="49154" Protocol="tcp" />
</Host>
</Vuln>
<Vuln FaultlineID="8239" VulnName="Microsoft IIS Server Detected">
<Risk>0</Risk>
<Description>Microsoft Internet Information Services (IIS) was detected on the host.</Description><Observation>Microsoft Internet Information Services (IIS) is a popular web server for the Windows platform.

Microsoft IIS was detected on the host.</Observation><Recommendation>Ensure that Microsoft IIS complies with the corporate policy.

Note: Conceal the IIS Server status by modifying the banner.</Recommendation><Host AssetLabel="" IPDword="00000000000000000000FFFF0A000C19" IPAddress="10.0.12.25" OSName="Windows Server 2003 ** (Service Pack 2)" DNSName="" NBName="WIM-01" NBWorkGroupName="CIM">
<Service ServiceName="ftp" Port="21" Protocol="tcp" />
<Service ServiceName="ssh" Port="22" Protocol="tcp" />
<Service ServiceName="domain" Port="53" Protocol="tcp" />
<Service ServiceName="domain" Port="53" Protocol="udp" />
<Service ServiceName="http" Port="9001" Protocol="tcp" />
<Service ServiceName="http" Port="5800" Protocol="tcp" />
<Service ServiceName="http" Port="80" Protocol="tcp" />
<Service ServiceName="kerberos" Port="88" Protocol="tcp" />
<Service ServiceName="ntp" Port="123" Protocol="udp" />
<Service ServiceName="loc-srv" Port="135" Protocol="tcp" />
<Service ServiceName="netbios-ns" Port="137" Protocol="udp" />
<Service ServiceName="netbios-ssn" Port="139" Protocol="tcp" />
<Service ServiceName="ldap" Port="389" Protocol="udp" />
<Service ServiceName="svrloc" Port="427" Protocol="tcp" />
<Service ServiceName="microsoft-ds" Port="445" Protocol="tcp" />
<Service ServiceName="kpasswd" Port="464" Protocol="tcp" />
<Service ServiceName="http-rpc-epmap" Port="593" Protocol="tcp" />
<Service ServiceName="ldaps" Port="636" Protocol="tcp" />
<Service ServiceName="ms-sql-s" Port="1433" Protocol="tcp" />
<Service ServiceName="msft-gc" Port="3268" Protocol="tcp" />
<Service ServiceName="msft-gc-ssl" Port="3269" Protocol="tcp" />
<Service ServiceName="ms-term-service" Port="3389" Protocol="tcp" />
<Service ServiceName="krb524" Port="4444" Protocol="tcp" />
<Service ServiceName="NetBus" Port="12345" Protocol="tcp" />
<Service ServiceName="LDAP" Port="389" Protocol="tcp" />
<Service ServiceName="vnc" Port="5900" Protocol="tcp" />
<Service ServiceName="unknown" Port="8083" Protocol="tcp" />
<Service ServiceName="unknown" Port="49153" Protocol="tcp" />
<Service ServiceName="unknown" Port="49154" Protocol="tcp" />
</Host>
</Vuln>
<Vuln FaultlineID="8489" VulnName="NetBIOS Bindings Information Detected">
<Risk>0</Risk>
<Description>NetBIOS bindings information was detected on the host.</Description><Observation>NetBIOS is a service which allows different computers to communicate with each other over a local area network.

NetBIOS bindings information was detected on the host.</Observation><Recommendation>Ensure that NetBIOS service complies with organizational policies.</Recommendation><Host AssetLabel="" IPDword="00000000000000000000FFFF0A000C19" IPAddress="10.0.12.25" OSName="Windows Server 2003 ** (Service Pack 2)" DNSName="" NBName="WIM-01" NBWorkGroupName="CIM">
<Service ServiceName="ftp" Port="21" Protocol="tcp" />
<Service ServiceName="ssh" Port="22" Protocol="tcp" />
<Service ServiceName="domain" Port="53" Protocol="tcp" />
<Service ServiceName="domain" Port="53" Protocol="udp" />
<Service ServiceName="http" Port="9001" Protocol="tcp" />
<Service ServiceName="http" Port="5800" Protocol="tcp" />
<Service ServiceName="http" Port="80" Protocol="tcp" />
<Service ServiceName="kerberos" Port="88" Protocol="tcp" />
<Service ServiceName="ntp" Port="123" Protocol="udp" />
<Service ServiceName="loc-srv" Port="135" Protocol="tcp" />
<Service ServiceName="netbios-ns" Port="137" Protocol="udp" />
<Service ServiceName="netbios-ssn" Port="139" Protocol="tcp" />
<Service ServiceName="ldap" Port="389" Protocol="udp" />
<Service ServiceName="svrloc" Port="427" Protocol="tcp" />
<Service ServiceName="microsoft-ds" Port="445" Protocol="tcp" />
<Service ServiceName="kpasswd" Port="464" Protocol="tcp" />
<Service ServiceName="http-rpc-epmap" Port="593" Protocol="tcp" />
<Service ServiceName="ldaps" Port="636" Protocol="tcp" />
<Service ServiceName="ms-sql-s" Port="1433" Protocol="tcp" />
<Service ServiceName="msft-gc" Port="3268" Protocol="tcp" />
<Service ServiceName="msft-gc-ssl" Port="3269" Protocol="tcp" />
<Service ServiceName="ms-term-service" Port="3389" Protocol="tcp" />
<Service ServiceName="krb524" Port="4444" Protocol="tcp" />
<Service ServiceName="NetBus" Port="12345" Protocol="tcp" />
<Service ServiceName="LDAP" Port="389" Protocol="tcp" />
<Service ServiceName="vnc" Port="5900" Protocol="tcp" />
<Service ServiceName="unknown" Port="8083" Protocol="tcp" />
<Service ServiceName="unknown" Port="49153" Protocol="tcp" />
<Service ServiceName="unknown" Port="49154" Protocol="tcp" />
</Host>
</Vuln>
<Vuln FaultlineID="8490" VulnName="NetBIOS Names Information Accessible">
<Risk>0</Risk>
<Description>Microsoft NetBIOS names information was detected on the host.</Description><Observation>Microsoft NetBIOS is a service developed to communicate with different computers over a local network.

Microsoft NetBIOS names information was detected on the host.</Observation><Recommendation>Ensure that Microsoft NetBIOS complies with organizational policies.</Recommendation><Host AssetLabel="" IPDword="00000000000000000000FFFF0A000C19" IPAddress="10.0.12.25" OSName="Windows Server 2003 ** (Service Pack 2)" DNSName="" NBName="WIM-01" NBWorkGroupName="CIM">
<Service ServiceName="ftp" Port="21" Protocol="tcp" />
<Service ServiceName="ssh" Port="22" Protocol="tcp" />
<Service ServiceName="domain" Port="53" Protocol="tcp" />
<Service ServiceName="domain" Port="53" Protocol="udp" />
<Service ServiceName="http" Port="9001" Protocol="tcp" />
<Service ServiceName="http" Port="5800" Protocol="tcp" />
<Service ServiceName="http" Port="80" Protocol="tcp" />
<Service ServiceName="kerberos" Port="88" Protocol="tcp" />
<Service ServiceName="ntp" Port="123" Protocol="udp" />
<Service ServiceName="loc-srv" Port="135" Protocol="tcp" />
<Service ServiceName="netbios-ns" Port="137" Protocol="udp" />
<Service ServiceName="netbios-ssn" Port="139" Protocol="tcp" />
<Service ServiceName="ldap" Port="389" Protocol="udp" />
<Service ServiceName="svrloc" Port="427" Protocol="tcp" />
<Service ServiceName="microsoft-ds" Port="445" Protocol="tcp" />
<Service ServiceName="kpasswd" Port="464" Protocol="tcp" />
<Service ServiceName="http-rpc-epmap" Port="593" Protocol="tcp" />
<Service ServiceName="ldaps" Port="636" Protocol="tcp" />
<Service ServiceName="ms-sql-s" Port="1433" Protocol="tcp" />
<Service ServiceName="msft-gc" Port="3268" Protocol="tcp" />
<Service ServiceName="msft-gc-ssl" Port="3269" Protocol="tcp" />
<Service ServiceName="ms-term-service" Port="3389" Protocol="tcp" />
<Service ServiceName="krb524" Port="4444" Protocol="tcp" />
<Service ServiceName="NetBus" Port="12345" Protocol="tcp" />
<Service ServiceName="LDAP" Port="389" Protocol="tcp" />
<Service ServiceName="vnc" Port="5900" Protocol="tcp" />
<Service ServiceName="unknown" Port="8083" Protocol="tcp" />
<Service ServiceName="unknown" Port="49153" Protocol="tcp" />
<Service ServiceName="unknown" Port="49154" Protocol="tcp" />
</Host>
</Vuln>
<Vuln FaultlineID="8658" VulnName="Microsoft Windows Active Directory Domain Controller  Detected">
<Risk>0</Risk>
<Description>Microsoft Windows Active Directory/Domain Controller was detected on the host.</Description><Observation>Microsoft Active Directory is a directory structure used to store information about the Windows domain.

Microsoft Windows Active Directory/Domain Controller was detected on the host and the domain controller name was obtained.</Observation><Recommendation>Ensure Microsoft Windows Active Directory/Domain Controller complies with organizational policy.</Recommendation><Host AssetLabel="" IPDword="00000000000000000000FFFF0A000C19" IPAddress="10.0.12.25" OSName="Windows Server 2003 ** (Service Pack 2)" DNSName="" NBName="WIM-01" NBWorkGroupName="CIM">
<Service ServiceName="ftp" Port="21" Protocol="tcp" />
<Service ServiceName="ssh" Port="22" Protocol="tcp" />
<Service ServiceName="domain" Port="53" Protocol="tcp" />
<Service ServiceName="domain" Port="53" Protocol="udp" />
<Service ServiceName="http" Port="9001" Protocol="tcp" />
<Service ServiceName="http" Port="5800" Protocol="tcp" />
<Service ServiceName="http" Port="80" Protocol="tcp" />
<Service ServiceName="kerberos" Port="88" Protocol="tcp" />
<Service ServiceName="ntp" Port="123" Protocol="udp" />
<Service ServiceName="loc-srv" Port="135" Protocol="tcp" />
<Service ServiceName="netbios-ns" Port="137" Protocol="udp" />
<Service ServiceName="netbios-ssn" Port="139" Protocol="tcp" />
<Service ServiceName="ldap" Port="389" Protocol="udp" />
<Service ServiceName="svrloc" Port="427" Protocol="tcp" />
<Service ServiceName="microsoft-ds" Port="445" Protocol="tcp" />
<Service ServiceName="kpasswd" Port="464" Protocol="tcp" />
<Service ServiceName="http-rpc-epmap" Port="593" Protocol="tcp" />
<Service ServiceName="ldaps" Port="636" Protocol="tcp" />
<Service ServiceName="ms-sql-s" Port="1433" Protocol="tcp" />
<Service ServiceName="msft-gc" Port="3268" Protocol="tcp" />
<Service ServiceName="msft-gc-ssl" Port="3269" Protocol="tcp" />
<Service ServiceName="ms-term-service" Port="3389" Protocol="tcp" />
<Service ServiceName="krb524" Port="4444" Protocol="tcp" />
<Service ServiceName="NetBus" Port="12345" Protocol="tcp" />
<Service ServiceName="LDAP" Port="389" Protocol="tcp" />
<Service ServiceName="vnc" Port="5900" Protocol="tcp" />
<Service ServiceName="unknown" Port="8083" Protocol="tcp" />
<Service ServiceName="unknown" Port="49153" Protocol="tcp" />
<Service ServiceName="unknown" Port="49154" Protocol="tcp" />
</Host>
</Vuln>
<Vuln FaultlineID="9797" VulnName="LDAP NULL Base Search Access Allowed">
<Risk>0</Risk>
<Description>Lightweight Directory Access Protocol (LDAP) null base search access is allowed.</Description><Observation>Lightweight Directory Access Protocol (LDAP) is an access protocol used for querying and manipulating data of directory services.

LDAP null base search access is allowed.</Observation><Recommendation>Ensure that LDAP complies with organizational policy.</Recommendation><Host AssetLabel="" IPDword="00000000000000000000FFFF0A000C19" IPAddress="10.0.12.25" OSName="Windows Server 2003 ** (Service Pack 2)" DNSName="" NBName="WIM-01" NBWorkGroupName="CIM">
<Service ServiceName="ftp" Port="21" Protocol="tcp" />
<Service ServiceName="ssh" Port="22" Protocol="tcp" />
<Service ServiceName="domain" Port="53" Protocol="tcp" />
<Service ServiceName="domain" Port="53" Protocol="udp" />
<Service ServiceName="http" Port="9001" Protocol="tcp" />
<Service ServiceName="http" Port="5800" Protocol="tcp" />
<Service ServiceName="http" Port="80" Protocol="tcp" />
<Service ServiceName="kerberos" Port="88" Protocol="tcp" />
<Service ServiceName="ntp" Port="123" Protocol="udp" />
<Service ServiceName="loc-srv" Port="135" Protocol="tcp" />
<Service ServiceName="netbios-ns" Port="137" Protocol="udp" />
<Service ServiceName="netbios-ssn" Port="139" Protocol="tcp" />
<Service ServiceName="ldap" Port="389" Protocol="udp" />
<Service ServiceName="svrloc" Port="427" Protocol="tcp" />
<Service ServiceName="microsoft-ds" Port="445" Protocol="tcp" />
<Service ServiceName="kpasswd" Port="464" Protocol="tcp" />
<Service ServiceName="http-rpc-epmap" Port="593" Protocol="tcp" />
<Service ServiceName="ldaps" Port="636" Protocol="tcp" />
<Service ServiceName="ms-sql-s" Port="1433" Protocol="tcp" />
<Service ServiceName="msft-gc" Port="3268" Protocol="tcp" />
<Service ServiceName="msft-gc-ssl" Port="3269" Protocol="tcp" />
<Service ServiceName="ms-term-service" Port="3389" Protocol="tcp" />
<Service ServiceName="krb524" Port="4444" Protocol="tcp" />
<Service ServiceName="NetBus" Port="12345" Protocol="tcp" />
<Service ServiceName="LDAP" Port="389" Protocol="tcp" />
<Service ServiceName="vnc" Port="5900" Protocol="tcp" />
<Service ServiceName="unknown" Port="8083" Protocol="tcp" />
<Service ServiceName="unknown" Port="49153" Protocol="tcp" />
<Service ServiceName="unknown" Port="49154" Protocol="tcp" />
</Host>
</Vuln>
<Vuln FaultlineID="9803" VulnName="LDAP Server NULL Bind Connection Allowed">
<Risk>0</Risk>
<Description>Lightweight Directory Access Protocol (LDAP) server allows null bind connection.</Description><Observation>Lightweight Directory Access Protocol (LDAP) is an access protocol used for querying and manipulating data of directory services.

LDAP server allows null bind connection.</Observation><Recommendation>Ensure that LDAP server complies with organizational policy.</Recommendation><Host AssetLabel="" IPDword="00000000000000000000FFFF0A000C19" IPAddress="10.0.12.25" OSName="Windows Server 2003 ** (Service Pack 2)" DNSName="" NBName="WIM-01" NBWorkGroupName="CIM">
<Service ServiceName="ftp" Port="21" Protocol="tcp" />
<Service ServiceName="ssh" Port="22" Protocol="tcp" />
<Service ServiceName="domain" Port="53" Protocol="tcp" />
<Service ServiceName="domain" Port="53" Protocol="udp" />
<Service ServiceName="http" Port="9001" Protocol="tcp" />
<Service ServiceName="http" Port="5800" Protocol="tcp" />
<Service ServiceName="http" Port="80" Protocol="tcp" />
<Service ServiceName="kerberos" Port="88" Protocol="tcp" />
<Service ServiceName="ntp" Port="123" Protocol="udp" />
<Service ServiceName="loc-srv" Port="135" Protocol="tcp" />
<Service ServiceName="netbios-ns" Port="137" Protocol="udp" />
<Service ServiceName="netbios-ssn" Port="139" Protocol="tcp" />
<Service ServiceName="ldap" Port="389" Protocol="udp" />
<Service ServiceName="svrloc" Port="427" Protocol="tcp" />
<Service ServiceName="microsoft-ds" Port="445" Protocol="tcp" />
<Service ServiceName="kpasswd" Port="464" Protocol="tcp" />
<Service ServiceName="http-rpc-epmap" Port="593" Protocol="tcp" />
<Service ServiceName="ldaps" Port="636" Protocol="tcp" />
<Service ServiceName="ms-sql-s" Port="1433" Protocol="tcp" />
<Service ServiceName="msft-gc" Port="3268" Protocol="tcp" />
<Service ServiceName="msft-gc-ssl" Port="3269" Protocol="tcp" />
<Service ServiceName="ms-term-service" Port="3389" Protocol="tcp" />
<Service ServiceName="krb524" Port="4444" Protocol="tcp" />
<Service ServiceName="NetBus" Port="12345" Protocol="tcp" />
<Service ServiceName="LDAP" Port="389" Protocol="tcp" />
<Service ServiceName="vnc" Port="5900" Protocol="tcp" />
<Service ServiceName="unknown" Port="8083" Protocol="tcp" />
<Service ServiceName="unknown" Port="49153" Protocol="tcp" />
<Service ServiceName="unknown" Port="49154" Protocol="tcp" />
</Host>
</Vuln>
<Vuln FaultlineID="9908" VulnName="LDAP Crafted Search Request Access Allowed">
<Risk>0</Risk>
<Description>Lightweight Directory Access Protocol (LDAP) host allows search requests with objectClass=* filter.</Description><Observation>Lightweight Directory Access Protocol (LDAP) is an access protocol used for querying and manipulating data of directory services.

LDAP host allows search requests with objectClass=* filter. It is possible to obtain host information through such requests.</Observation><Recommendation>Ensure that LDAP complies with organizational policy.</Recommendation><Host AssetLabel="" IPDword="00000000000000000000FFFF0A000C19" IPAddress="10.0.12.25" OSName="Windows Server 2003 ** (Service Pack 2)" DNSName="" NBName="WIM-01" NBWorkGroupName="CIM">
<Service ServiceName="ftp" Port="21" Protocol="tcp" />
<Service ServiceName="ssh" Port="22" Protocol="tcp" />
<Service ServiceName="domain" Port="53" Protocol="tcp" />
<Service ServiceName="domain" Port="53" Protocol="udp" />
<Service ServiceName="http" Port="9001" Protocol="tcp" />
<Service ServiceName="http" Port="5800" Protocol="tcp" />
<Service ServiceName="http" Port="80" Protocol="tcp" />
<Service ServiceName="kerberos" Port="88" Protocol="tcp" />
<Service ServiceName="ntp" Port="123" Protocol="udp" />
<Service ServiceName="loc-srv" Port="135" Protocol="tcp" />
<Service ServiceName="netbios-ns" Port="137" Protocol="udp" />
<Service ServiceName="netbios-ssn" Port="139" Protocol="tcp" />
<Service ServiceName="ldap" Port="389" Protocol="udp" />
<Service ServiceName="svrloc" Port="427" Protocol="tcp" />
<Service ServiceName="microsoft-ds" Port="445" Protocol="tcp" />
<Service ServiceName="kpasswd" Port="464" Protocol="tcp" />
<Service ServiceName="http-rpc-epmap" Port="593" Protocol="tcp" />
<Service ServiceName="ldaps" Port="636" Protocol="tcp" />
<Service ServiceName="ms-sql-s" Port="1433" Protocol="tcp" />
<Service ServiceName="msft-gc" Port="3268" Protocol="tcp" />
<Service ServiceName="msft-gc-ssl" Port="3269" Protocol="tcp" />
<Service ServiceName="ms-term-service" Port="3389" Protocol="tcp" />
<Service ServiceName="krb524" Port="4444" Protocol="tcp" />
<Service ServiceName="NetBus" Port="12345" Protocol="tcp" />
<Service ServiceName="LDAP" Port="389" Protocol="tcp" />
<Service ServiceName="vnc" Port="5900" Protocol="tcp" />
<Service ServiceName="unknown" Port="8083" Protocol="tcp" />
<Service ServiceName="unknown" Port="49153" Protocol="tcp" />
<Service ServiceName="unknown" Port="49154" Protocol="tcp" />
</Host>
</Vuln>
<Vuln FaultlineID="10224" VulnName="Hidden WWW Server Name Detected">
<Risk>0</Risk>
<Description>Hidden WWW server name detected.</Description><Observation>WWW server is a computer application for delivering web based contents using HTTP.

Hidden WWW server name detected. Web server name can be hidden as a security measure.</Observation><Recommendation>Ensure that web server complies with corporate policy.</Recommendation><Host AssetLabel="" IPDword="00000000000000000000FFFF0A000C19" IPAddress="10.0.12.25" OSName="Windows Server 2003 ** (Service Pack 2)" DNSName="" NBName="WIM-01" NBWorkGroupName="CIM">
<Service ServiceName="ftp" Port="21" Protocol="tcp" />
<Service ServiceName="ssh" Port="22" Protocol="tcp" />
<Service ServiceName="domain" Port="53" Protocol="tcp" />
<Service ServiceName="domain" Port="53" Protocol="udp" />
<Service ServiceName="http" Port="9001" Protocol="tcp" />
<Service ServiceName="http" Port="5800" Protocol="tcp" />
<Service ServiceName="http" Port="80" Protocol="tcp" />
<Service ServiceName="kerberos" Port="88" Protocol="tcp" />
<Service ServiceName="ntp" Port="123" Protocol="udp" />
<Service ServiceName="loc-srv" Port="135" Protocol="tcp" />
<Service ServiceName="netbios-ns" Port="137" Protocol="udp" />
<Service ServiceName="netbios-ssn" Port="139" Protocol="tcp" />
<Service ServiceName="ldap" Port="389" Protocol="udp" />
<Service ServiceName="svrloc" Port="427" Protocol="tcp" />
<Service ServiceName="microsoft-ds" Port="445" Protocol="tcp" />
<Service ServiceName="kpasswd" Port="464" Protocol="tcp" />
<Service ServiceName="http-rpc-epmap" Port="593" Protocol="tcp" />
<Service ServiceName="ldaps" Port="636" Protocol="tcp" />
<Service ServiceName="ms-sql-s" Port="1433" Protocol="tcp" />
<Service ServiceName="msft-gc" Port="3268" Protocol="tcp" />
<Service ServiceName="msft-gc-ssl" Port="3269" Protocol="tcp" />
<Service ServiceName="ms-term-service" Port="3389" Protocol="tcp" />
<Service ServiceName="krb524" Port="4444" Protocol="tcp" />
<Service ServiceName="NetBus" Port="12345" Protocol="tcp" />
<Service ServiceName="LDAP" Port="389" Protocol="tcp" />
<Service ServiceName="vnc" Port="5900" Protocol="tcp" />
<Service ServiceName="unknown" Port="8083" Protocol="tcp" />
<Service ServiceName="unknown" Port="49153" Protocol="tcp" />
<Service ServiceName="unknown" Port="49154" Protocol="tcp" />
</Host>
</Vuln>
<Vuln FaultlineID="11055" VulnName="DNS Server Detected">
<Risk>0</Risk>
<Description>DNS Server was detected on the host.</Description><Observation>Domain Name System (DNS) servers are used to manage the naming system for computers and services in a network.

DNS Server was detected on the host.</Observation><Recommendation>Ensure that DNS Server complies with organizational policy.</Recommendation><Host AssetLabel="" IPDword="00000000000000000000FFFF0A000C19" IPAddress="10.0.12.25" OSName="Windows Server 2003 ** (Service Pack 2)" DNSName="" NBName="WIM-01" NBWorkGroupName="CIM">
<Service ServiceName="ftp" Port="21" Protocol="tcp" />
<Service ServiceName="ssh" Port="22" Protocol="tcp" />
<Service ServiceName="domain" Port="53" Protocol="tcp" />
<Service ServiceName="domain" Port="53" Protocol="udp" />
<Service ServiceName="http" Port="9001" Protocol="tcp" />
<Service ServiceName="http" Port="5800" Protocol="tcp" />
<Service ServiceName="http" Port="80" Protocol="tcp" />
<Service ServiceName="kerberos" Port="88" Protocol="tcp" />
<Service ServiceName="ntp" Port="123" Protocol="udp" />
<Service ServiceName="loc-srv" Port="135" Protocol="tcp" />
<Service ServiceName="netbios-ns" Port="137" Protocol="udp" />
<Service ServiceName="netbios-ssn" Port="139" Protocol="tcp" />
<Service ServiceName="ldap" Port="389" Protocol="udp" />
<Service ServiceName="svrloc" Port="427" Protocol="tcp" />
<Service ServiceName="microsoft-ds" Port="445" Protocol="tcp" />
<Service ServiceName="kpasswd" Port="464" Protocol="tcp" />
<Service ServiceName="http-rpc-epmap" Port="593" Protocol="tcp" />
<Service ServiceName="ldaps" Port="636" Protocol="tcp" />
<Service ServiceName="ms-sql-s" Port="1433" Protocol="tcp" />
<Service ServiceName="msft-gc" Port="3268" Protocol="tcp" />
<Service ServiceName="msft-gc-ssl" Port="3269" Protocol="tcp" />
<Service ServiceName="ms-term-service" Port="3389" Protocol="tcp" />
<Service ServiceName="krb524" Port="4444" Protocol="tcp" />
<Service ServiceName="NetBus" Port="12345" Protocol="tcp" />
<Service ServiceName="LDAP" Port="389" Protocol="tcp" />
<Service ServiceName="vnc" Port="5900" Protocol="tcp" />
<Service ServiceName="unknown" Port="8083" Protocol="tcp" />
<Service ServiceName="unknown" Port="49153" Protocol="tcp" />
<Service ServiceName="unknown" Port="49154" Protocol="tcp" />
</Host>
</Vuln>
<Vuln FaultlineID="11067" VulnName="FTP Server With Clear Text Authentication Detected">
<Risk>0</Risk>
<Description>FTP server with clear text authentication was detected on the host.</Description><Observation>A FTP server is used for transferring files to and from remote systems connected in a network.

FTP server with clear text authentication was detected on the host.</Observation><Recommendation>Ensure that the FTP server complies with organizational policy.</Recommendation><Host AssetLabel="" IPDword="00000000000000000000FFFF0A000C19" IPAddress="10.0.12.25" OSName="Windows Server 2003 ** (Service Pack 2)" DNSName="" NBName="WIM-01" NBWorkGroupName="CIM">
<Service ServiceName="ftp" Port="21" Protocol="tcp" />
<Service ServiceName="ssh" Port="22" Protocol="tcp" />
<Service ServiceName="domain" Port="53" Protocol="tcp" />
<Service ServiceName="domain" Port="53" Protocol="udp" />
<Service ServiceName="http" Port="9001" Protocol="tcp" />
<Service ServiceName="http" Port="5800" Protocol="tcp" />
<Service ServiceName="http" Port="80" Protocol="tcp" />
<Service ServiceName="kerberos" Port="88" Protocol="tcp" />
<Service ServiceName="ntp" Port="123" Protocol="udp" />
<Service ServiceName="loc-srv" Port="135" Protocol="tcp" />
<Service ServiceName="netbios-ns" Port="137" Protocol="udp" />
<Service ServiceName="netbios-ssn" Port="139" Protocol="tcp" />
<Service ServiceName="ldap" Port="389" Protocol="udp" />
<Service ServiceName="svrloc" Port="427" Protocol="tcp" />
<Service ServiceName="microsoft-ds" Port="445" Protocol="tcp" />
<Service ServiceName="kpasswd" Port="464" Protocol="tcp" />
<Service ServiceName="http-rpc-epmap" Port="593" Protocol="tcp" />
<Service ServiceName="ldaps" Port="636" Protocol="tcp" />
<Service ServiceName="ms-sql-s" Port="1433" Protocol="tcp" />
<Service ServiceName="msft-gc" Port="3268" Protocol="tcp" />
<Service ServiceName="msft-gc-ssl" Port="3269" Protocol="tcp" />
<Service ServiceName="ms-term-service" Port="3389" Protocol="tcp" />
<Service ServiceName="krb524" Port="4444" Protocol="tcp" />
<Service ServiceName="NetBus" Port="12345" Protocol="tcp" />
<Service ServiceName="LDAP" Port="389" Protocol="tcp" />
<Service ServiceName="vnc" Port="5900" Protocol="tcp" />
<Service ServiceName="unknown" Port="8083" Protocol="tcp" />
<Service ServiceName="unknown" Port="49153" Protocol="tcp" />
<Service ServiceName="unknown" Port="49154" Protocol="tcp" />
</Host>
</Vuln>
<Vuln FaultlineID="11090" VulnName="FTP Server Detected">
<Risk>0</Risk>
<Description>A FTP server was detected on the host.</Description><Observation>A FTP server is used for transferring files to and from remote systems connected in a network.

A FTP server was detected on the host.</Observation><Recommendation>Ensure that the FTP server complies with organizational policy.</Recommendation><Host AssetLabel="" IPDword="00000000000000000000FFFF0A000C19" IPAddress="10.0.12.25" OSName="Windows Server 2003 ** (Service Pack 2)" DNSName="" NBName="WIM-01" NBWorkGroupName="CIM">
<Service ServiceName="ftp" Port="21" Protocol="tcp" />
<Service ServiceName="ssh" Port="22" Protocol="tcp" />
<Service ServiceName="domain" Port="53" Protocol="tcp" />
<Service ServiceName="domain" Port="53" Protocol="udp" />
<Service ServiceName="http" Port="9001" Protocol="tcp" />
<Service ServiceName="http" Port="5800" Protocol="tcp" />
<Service ServiceName="http" Port="80" Protocol="tcp" />
<Service ServiceName="kerberos" Port="88" Protocol="tcp" />
<Service ServiceName="ntp" Port="123" Protocol="udp" />
<Service ServiceName="loc-srv" Port="135" Protocol="tcp" />
<Service ServiceName="netbios-ns" Port="137" Protocol="udp" />
<Service ServiceName="netbios-ssn" Port="139" Protocol="tcp" />
<Service ServiceName="ldap" Port="389" Protocol="udp" />
<Service ServiceName="svrloc" Port="427" Protocol="tcp" />
<Service ServiceName="microsoft-ds" Port="445" Protocol="tcp" />
<Service ServiceName="kpasswd" Port="464" Protocol="tcp" />
<Service ServiceName="http-rpc-epmap" Port="593" Protocol="tcp" />
<Service ServiceName="ldaps" Port="636" Protocol="tcp" />
<Service ServiceName="ms-sql-s" Port="1433" Protocol="tcp" />
<Service ServiceName="msft-gc" Port="3268" Protocol="tcp" />
<Service ServiceName="msft-gc-ssl" Port="3269" Protocol="tcp" />
<Service ServiceName="ms-term-service" Port="3389" Protocol="tcp" />
<Service ServiceName="krb524" Port="4444" Protocol="tcp" />
<Service ServiceName="NetBus" Port="12345" Protocol="tcp" />
<Service ServiceName="LDAP" Port="389" Protocol="tcp" />
<Service ServiceName="vnc" Port="5900" Protocol="tcp" />
<Service ServiceName="unknown" Port="8083" Protocol="tcp" />
<Service ServiceName="unknown" Port="49153" Protocol="tcp" />
<Service ServiceName="unknown" Port="49154" Protocol="tcp" />
</Host>
</Vuln>
<Vuln FaultlineID="11144" VulnName="LDAP Server Detected">
<Risk>0</Risk>
<Description>LDAP server was detected on the host.</Description><Observation>Lightweight Directory Access Protocol (LDAP) is an access protocol used for querying and manipulating data of directory services.

LDAP server was detected on the host.</Observation><Recommendation>Ensure that LDAP server complies with organizational policy.</Recommendation><Host AssetLabel="" IPDword="00000000000000000000FFFF0A000C19" IPAddress="10.0.12.25" OSName="Windows Server 2003 ** (Service Pack 2)" DNSName="" NBName="WIM-01" NBWorkGroupName="CIM">
<Service ServiceName="ftp" Port="21" Protocol="tcp" />
<Service ServiceName="ssh" Port="22" Protocol="tcp" />
<Service ServiceName="domain" Port="53" Protocol="tcp" />
<Service ServiceName="domain" Port="53" Protocol="udp" />
<Service ServiceName="http" Port="9001" Protocol="tcp" />
<Service ServiceName="http" Port="5800" Protocol="tcp" />
<Service ServiceName="http" Port="80" Protocol="tcp" />
<Service ServiceName="kerberos" Port="88" Protocol="tcp" />
<Service ServiceName="ntp" Port="123" Protocol="udp" />
<Service ServiceName="loc-srv" Port="135" Protocol="tcp" />
<Service ServiceName="netbios-ns" Port="137" Protocol="udp" />
<Service ServiceName="netbios-ssn" Port="139" Protocol="tcp" />
<Service ServiceName="ldap" Port="389" Protocol="udp" />
<Service ServiceName="svrloc" Port="427" Protocol="tcp" />
<Service ServiceName="microsoft-ds" Port="445" Protocol="tcp" />
<Service ServiceName="kpasswd" Port="464" Protocol="tcp" />
<Service ServiceName="http-rpc-epmap" Port="593" Protocol="tcp" />
<Service ServiceName="ldaps" Port="636" Protocol="tcp" />
<Service ServiceName="ms-sql-s" Port="1433" Protocol="tcp" />
<Service ServiceName="msft-gc" Port="3268" Protocol="tcp" />
<Service ServiceName="msft-gc-ssl" Port="3269" Protocol="tcp" />
<Service ServiceName="ms-term-service" Port="3389" Protocol="tcp" />
<Service ServiceName="krb524" Port="4444" Protocol="tcp" />
<Service ServiceName="NetBus" Port="12345" Protocol="tcp" />
<Service ServiceName="LDAP" Port="389" Protocol="tcp" />
<Service ServiceName="vnc" Port="5900" Protocol="tcp" />
<Service ServiceName="unknown" Port="8083" Protocol="tcp" />
<Service ServiceName="unknown" Port="49153" Protocol="tcp" />
<Service ServiceName="unknown" Port="49154" Protocol="tcp" />
</Host>
</Vuln>
<Vuln FaultlineID="11192" VulnName="Microsoft Remote Procedure Call Service Detected">
<Risk>0</Risk>
<Description>Microsoft Remote Procedure Call Service was detected on the host.</Description><Observation>Microsoft Remote Procedure Call Service (MSRPC) service is the DCE RPC mechanism implemented by Microsoft. It supports inheritance of interfaces, Unicode strings and implicit handles.

Microsoft Remote Procedure Call Service was detected on the host.</Observation><Recommendation>Ensure that MSRPC complies with organizational policy.</Recommendation><Host AssetLabel="" IPDword="00000000000000000000FFFF0A000C19" IPAddress="10.0.12.25" OSName="Windows Server 2003 ** (Service Pack 2)" DNSName="" NBName="WIM-01" NBWorkGroupName="CIM">
<Service ServiceName="ftp" Port="21" Protocol="tcp" />
<Service ServiceName="ssh" Port="22" Protocol="tcp" />
<Service ServiceName="domain" Port="53" Protocol="tcp" />
<Service ServiceName="domain" Port="53" Protocol="udp" />
<Service ServiceName="http" Port="9001" Protocol="tcp" />
<Service ServiceName="http" Port="5800" Protocol="tcp" />
<Service ServiceName="http" Port="80" Protocol="tcp" />
<Service ServiceName="kerberos" Port="88" Protocol="tcp" />
<Service ServiceName="ntp" Port="123" Protocol="udp" />
<Service ServiceName="loc-srv" Port="135" Protocol="tcp" />
<Service ServiceName="netbios-ns" Port="137" Protocol="udp" />
<Service ServiceName="netbios-ssn" Port="139" Protocol="tcp" />
<Service ServiceName="ldap" Port="389" Protocol="udp" />
<Service ServiceName="svrloc" Port="427" Protocol="tcp" />
<Service ServiceName="microsoft-ds" Port="445" Protocol="tcp" />
<Service ServiceName="kpasswd" Port="464" Protocol="tcp" />
<Service ServiceName="http-rpc-epmap" Port="593" Protocol="tcp" />
<Service ServiceName="ldaps" Port="636" Protocol="tcp" />
<Service ServiceName="ms-sql-s" Port="1433" Protocol="tcp" />
<Service ServiceName="msft-gc" Port="3268" Protocol="tcp" />
<Service ServiceName="msft-gc-ssl" Port="3269" Protocol="tcp" />
<Service ServiceName="ms-term-service" Port="3389" Protocol="tcp" />
<Service ServiceName="krb524" Port="4444" Protocol="tcp" />
<Service ServiceName="NetBus" Port="12345" Protocol="tcp" />
<Service ServiceName="LDAP" Port="389" Protocol="tcp" />
<Service ServiceName="vnc" Port="5900" Protocol="tcp" />
<Service ServiceName="unknown" Port="8083" Protocol="tcp" />
<Service ServiceName="unknown" Port="49153" Protocol="tcp" />
<Service ServiceName="unknown" Port="49154" Protocol="tcp" />
</Host>
</Vuln>
<Vuln FaultlineID="11200" VulnName="SSH Protocol Supported Versions Detected">
<Risk>0</Risk>
<Description>SSH protocol supported version was detected on the host.</Description><Observation>SSH protocol is used to establish a secure channel for data exchange.

SSH protocol supported version was detected on the host.</Observation><Recommendation>Ensure that ssh protocol complies with organizational policy.</Recommendation><Host AssetLabel="" IPDword="00000000000000000000FFFF0A01255E" IPAddress="10.1.37.94" OSName="Windows 7" DNSName="" NBName="[Unknown]" NBWorkGroupName="">
<Service ServiceName="ftp" Port="21" Protocol="tcp" />
<Service ServiceName="ssh" Port="22" Protocol="tcp" />
<Service ServiceName="sunrpc" Port="111" Protocol="tcp" />
<Service ServiceName="unknown" Port="111" Protocol="udp" />
<Service ServiceName="ntp" Port="123" Protocol="udp" />
</Host>
<Host AssetLabel="" IPDword="00000000000000000000FFFF0A000C19" IPAddress="10.0.12.25" OSName="Windows Server 2003 ** (Service Pack 2)" DNSName="" NBName="WIM-01" NBWorkGroupName="CIM">
<Service ServiceName="ftp" Port="21" Protocol="tcp" />
<Service ServiceName="ssh" Port="22" Protocol="tcp" />
<Service ServiceName="domain" Port="53" Protocol="tcp" />
<Service ServiceName="domain" Port="53" Protocol="udp" />
<Service ServiceName="http" Port="9001" Protocol="tcp" />
<Service ServiceName="http" Port="5800" Protocol="tcp" />
<Service ServiceName="http" Port="80" Protocol="tcp" />
<Service ServiceName="kerberos" Port="88" Protocol="tcp" />
<Service ServiceName="ntp" Port="123" Protocol="udp" />
<Service ServiceName="loc-srv" Port="135" Protocol="tcp" />
<Service ServiceName="netbios-ns" Port="137" Protocol="udp" />
<Service ServiceName="netbios-ssn" Port="139" Protocol="tcp" />
<Service ServiceName="ldap" Port="389" Protocol="udp" />
<Service ServiceName="svrloc" Port="427" Protocol="tcp" />
<Service ServiceName="microsoft-ds" Port="445" Protocol="tcp" />
<Service ServiceName="kpasswd" Port="464" Protocol="tcp" />
<Service ServiceName="http-rpc-epmap" Port="593" Protocol="tcp" />
<Service ServiceName="ldaps" Port="636" Protocol="tcp" />
<Service ServiceName="ms-sql-s" Port="1433" Protocol="tcp" />
<Service ServiceName="msft-gc" Port="3268" Protocol="tcp" />
<Service ServiceName="msft-gc-ssl" Port="3269" Protocol="tcp" />
<Service ServiceName="ms-term-service" Port="3389" Protocol="tcp" />
<Service ServiceName="krb524" Port="4444" Protocol="tcp" />
<Service ServiceName="NetBus" Port="12345" Protocol="tcp" />
<Service ServiceName="LDAP" Port="389" Protocol="tcp" />
<Service ServiceName="vnc" Port="5900" Protocol="tcp" />
<Service ServiceName="unknown" Port="8083" Protocol="tcp" />
<Service ServiceName="unknown" Port="49153" Protocol="tcp" />
<Service ServiceName="unknown" Port="49154" Protocol="tcp" />
</Host>
</Vuln>
<Vuln FaultlineID="11218" VulnName="Web Server HTTP Protocol Version Detected">
<Risk>0</Risk>
<Description>HTTP protocol version was obtained from the host through web server.</Description><Observation>Web servers are widely used to serve static and dynamic content and render it in the client's browser.

HTTP protocol version was obtained from the host through web server.</Observation><Recommendation>Ensure that web server complies with organizational policy.</Recommendation><Host AssetLabel="" IPDword="00000000000000000000FFFF0A000C19" IPAddress="10.0.12.25" OSName="Windows Server 2003 ** (Service Pack 2)" DNSName="" NBName="WIM-01" NBWorkGroupName="CIM">
<Service ServiceName="ftp" Port="21" Protocol="tcp" />
<Service ServiceName="ssh" Port="22" Protocol="tcp" />
<Service ServiceName="domain" Port="53" Protocol="tcp" />
<Service ServiceName="domain" Port="53" Protocol="udp" />
<Service ServiceName="http" Port="9001" Protocol="tcp" />
<Service ServiceName="http" Port="5800" Protocol="tcp" />
<Service ServiceName="http" Port="80" Protocol="tcp" />
<Service ServiceName="kerberos" Port="88" Protocol="tcp" />
<Service ServiceName="ntp" Port="123" Protocol="udp" />
<Service ServiceName="loc-srv" Port="135" Protocol="tcp" />
<Service ServiceName="netbios-ns" Port="137" Protocol="udp" />
<Service ServiceName="netbios-ssn" Port="139" Protocol="tcp" />
<Service ServiceName="ldap" Port="389" Protocol="udp" />
<Service ServiceName="svrloc" Port="427" Protocol="tcp" />
<Service ServiceName="microsoft-ds" Port="445" Protocol="tcp" />
<Service ServiceName="kpasswd" Port="464" Protocol="tcp" />
<Service ServiceName="http-rpc-epmap" Port="593" Protocol="tcp" />
<Service ServiceName="ldaps" Port="636" Protocol="tcp" />
<Service ServiceName="ms-sql-s" Port="1433" Protocol="tcp" />
<Service ServiceName="msft-gc" Port="3268" Protocol="tcp" />
<Service ServiceName="msft-gc-ssl" Port="3269" Protocol="tcp" />
<Service ServiceName="ms-term-service" Port="3389" Protocol="tcp" />
<Service ServiceName="krb524" Port="4444" Protocol="tcp" />
<Service ServiceName="NetBus" Port="12345" Protocol="tcp" />
<Service ServiceName="LDAP" Port="389" Protocol="tcp" />
<Service ServiceName="vnc" Port="5900" Protocol="tcp" />
<Service ServiceName="unknown" Port="8083" Protocol="tcp" />
<Service ServiceName="unknown" Port="49153" Protocol="tcp" />
<Service ServiceName="unknown" Port="49154" Protocol="tcp" />
</Host>
</Vuln>
<Vuln FaultlineID="11604" VulnName="JBoss JMX Console Unrestricted Access Vulnerability">
<Risk>5</Risk>
<Description>An unrestricted access vulnerability is present in some versions of JBoss.</Description><Observation>JBoss is an industry standard application server supported by Red Hat.

An unrestricted access vulnerability is present in some versions of JBoss. A flaw is present in the application, which does not secure JMX Console properly. Successful exploitation could allow an attacker to obtain sensitive information.</Observation><Recommendation>The vendor has released an advisory describing a workaround that can be applied to mitigate this issue.

More information can be found at:

http://community.jboss.org/wiki/SecureTheJmxConsole</Recommendation><Host AssetLabel="" IPDword="00000000000000000000FFFF0A000C19" IPAddress="10.0.12.25" OSName="Windows Server 2003 ** (Service Pack 2)" DNSName="" NBName="WIM-01" NBWorkGroupName="CIM">
<Service ServiceName="ftp" Port="21" Protocol="tcp" />
<Service ServiceName="ssh" Port="22" Protocol="tcp" />
<Service ServiceName="domain" Port="53" Protocol="tcp" />
<Service ServiceName="domain" Port="53" Protocol="udp" />
<Service ServiceName="http" Port="9001" Protocol="tcp" />
<Service ServiceName="http" Port="5800" Protocol="tcp" />
<Service ServiceName="http" Port="80" Protocol="tcp" />
<Service ServiceName="kerberos" Port="88" Protocol="tcp" />
<Service ServiceName="ntp" Port="123" Protocol="udp" />
<Service ServiceName="loc-srv" Port="135" Protocol="tcp" />
<Service ServiceName="netbios-ns" Port="137" Protocol="udp" />
<Service ServiceName="netbios-ssn" Port="139" Protocol="tcp" />
<Service ServiceName="ldap" Port="389" Protocol="udp" />
<Service ServiceName="svrloc" Port="427" Protocol="tcp" />
<Service ServiceName="microsoft-ds" Port="445" Protocol="tcp" />
<Service ServiceName="kpasswd" Port="464" Protocol="tcp" />
<Service ServiceName="http-rpc-epmap" Port="593" Protocol="tcp" />
<Service ServiceName="ldaps" Port="636" Protocol="tcp" />
<Service ServiceName="ms-sql-s" Port="1433" Protocol="tcp" />
<Service ServiceName="msft-gc" Port="3268" Protocol="tcp" />
<Service ServiceName="msft-gc-ssl" Port="3269" Protocol="tcp" />
<Service ServiceName="ms-term-service" Port="3389" Protocol="tcp" />
<Service ServiceName="krb524" Port="4444" Protocol="tcp" />
<Service ServiceName="NetBus" Port="12345" Protocol="tcp" />
<Service ServiceName="LDAP" Port="389" Protocol="tcp" />
<Service ServiceName="vnc" Port="5900" Protocol="tcp" />
<Service ServiceName="unknown" Port="8083" Protocol="tcp" />
<Service ServiceName="unknown" Port="49153" Protocol="tcp" />
<Service ServiceName="unknown" Port="49154" Protocol="tcp" />
</Host>
</Vuln>
<Vuln FaultlineID="11735" VulnName="Red Hat JBoss Enterprise Application Platform Web Console Security Bypass Vulnerability I">
<Risk>5</Risk>
<Description>A security bypass vulnerability is present in some versions of Red Hat JBoss Enterprise Application Platform.</Description><Observation>Red Hat JBoss Enterprise Application Platform is an open source Java applications platform. 

A security bypass vulnerability is present in some versions of Red Hat JBoss Enterprise Application Platform. The flaw occurs due to JBoss improper check HTTP method when it received a crafted HTTP request. Successful exploitation could allow an attacker to bypass the security restriction.</Observation><Recommendation>Download the latest version of Red Hat JBoss Enterprise Application Platform from the following location:

http://www.jboss.com/

For users of JBoss Community project, download the latest version from the following location:

http://www.jboss.org/</Recommendation><CVE>CVE-2010-1428</CVE>
<Host AssetLabel="" IPDword="00000000000000000000FFFF0A000C19" IPAddress="10.0.12.25" OSName="Windows Server 2003 ** (Service Pack 2)" DNSName="" NBName="WIM-01" NBWorkGroupName="CIM">
<Service ServiceName="ftp" Port="21" Protocol="tcp" />
<Service ServiceName="ssh" Port="22" Protocol="tcp" />
<Service ServiceName="domain" Port="53" Protocol="tcp" />
<Service ServiceName="domain" Port="53" Protocol="udp" />
<Service ServiceName="http" Port="9001" Protocol="tcp" />
<Service ServiceName="http" Port="5800" Protocol="tcp" />
<Service ServiceName="http" Port="80" Protocol="tcp" />
<Service ServiceName="kerberos" Port="88" Protocol="tcp" />
<Service ServiceName="ntp" Port="123" Protocol="udp" />
<Service ServiceName="loc-srv" Port="135" Protocol="tcp" />
<Service ServiceName="netbios-ns" Port="137" Protocol="udp" />
<Service ServiceName="netbios-ssn" Port="139" Protocol="tcp" />
<Service ServiceName="ldap" Port="389" Protocol="udp" />
<Service ServiceName="svrloc" Port="427" Protocol="tcp" />
<Service ServiceName="microsoft-ds" Port="445" Protocol="tcp" />
<Service ServiceName="kpasswd" Port="464" Protocol="tcp" />
<Service ServiceName="http-rpc-epmap" Port="593" Protocol="tcp" />
<Service ServiceName="ldaps" Port="636" Protocol="tcp" />
<Service ServiceName="ms-sql-s" Port="1433" Protocol="tcp" />
<Service ServiceName="msft-gc" Port="3268" Protocol="tcp" />
<Service ServiceName="msft-gc-ssl" Port="3269" Protocol="tcp" />
<Service ServiceName="ms-term-service" Port="3389" Protocol="tcp" />
<Service ServiceName="krb524" Port="4444" Protocol="tcp" />
<Service ServiceName="NetBus" Port="12345" Protocol="tcp" />
<Service ServiceName="LDAP" Port="389" Protocol="tcp" />
<Service ServiceName="vnc" Port="5900" Protocol="tcp" />
<Service ServiceName="unknown" Port="8083" Protocol="tcp" />
<Service ServiceName="unknown" Port="49153" Protocol="tcp" />
<Service ServiceName="unknown" Port="49154" Protocol="tcp" />
</Host>
</Vuln>
<Vuln FaultlineID="12987" VulnName="SMB User Enumeration By Host/Domain SID">
<Risk>5</Risk>
<Description>It is possible to enumerate user accounts for the target system by host/domain SID.</Description><Observation>The SMB protocol is Windows core network protocol.

On some systems, it is possible to create a unauthenticated SMB session. It is possible to get the host or domain Security Identifier (SID) and enumerate local users by SID via the SMB null session.

While the enumerated information is not an immediate risk, much of the information can be leveraged to launch further attacks against the target system.

The check enumerates only users with a Relative ID (RID) from 1000 to 1004.</Observation><Recommendation>The following policies can be found in local group policy editor. In order to completely disable anonymous logons, you need to disable policy 1 and 4, to enable policy 2 and 3, and to specify empty lists for policy 5 and 6.

1.       Network access: Allow anonymous SID/Name translation

2.       Network access: Do not allow anonymous enumeration of SAM accounts

3.       Network access: Do not allow anonymous enumeration of SAM accounts and shares

4.       Network access: Let Everyone permissions apply to anonymous users

5.       Network access: Named Pipes that can be accessed anonymously

6.       Network access: Shares that can be accessed anonymously</Recommendation><CVE>CVE-2000-1200</CVE>
<Host AssetLabel="" IPDword="00000000000000000000FFFF0A000C19" IPAddress="10.0.12.25" OSName="Windows Server 2003 ** (Service Pack 2)" DNSName="" NBName="WIM-01" NBWorkGroupName="CIM">
<Service ServiceName="ftp" Port="21" Protocol="tcp" />
<Service ServiceName="ssh" Port="22" Protocol="tcp" />
<Service ServiceName="domain" Port="53" Protocol="tcp" />
<Service ServiceName="domain" Port="53" Protocol="udp" />
<Service ServiceName="http" Port="9001" Protocol="tcp" />
<Service ServiceName="http" Port="5800" Protocol="tcp" />
<Service ServiceName="http" Port="80" Protocol="tcp" />
<Service ServiceName="kerberos" Port="88" Protocol="tcp" />
<Service ServiceName="ntp" Port="123" Protocol="udp" />
<Service ServiceName="loc-srv" Port="135" Protocol="tcp" />
<Service ServiceName="netbios-ns" Port="137" Protocol="udp" />
<Service ServiceName="netbios-ssn" Port="139" Protocol="tcp" />
<Service ServiceName="ldap" Port="389" Protocol="udp" />
<Service ServiceName="svrloc" Port="427" Protocol="tcp" />
<Service ServiceName="microsoft-ds" Port="445" Protocol="tcp" />
<Service ServiceName="kpasswd" Port="464" Protocol="tcp" />
<Service ServiceName="http-rpc-epmap" Port="593" Protocol="tcp" />
<Service ServiceName="ldaps" Port="636" Protocol="tcp" />
<Service ServiceName="ms-sql-s" Port="1433" Protocol="tcp" />
<Service ServiceName="msft-gc" Port="3268" Protocol="tcp" />
<Service ServiceName="msft-gc-ssl" Port="3269" Protocol="tcp" />
<Service ServiceName="ms-term-service" Port="3389" Protocol="tcp" />
<Service ServiceName="krb524" Port="4444" Protocol="tcp" />
<Service ServiceName="NetBus" Port="12345" Protocol="tcp" />
<Service ServiceName="LDAP" Port="389" Protocol="tcp" />
<Service ServiceName="vnc" Port="5900" Protocol="tcp" />
<Service ServiceName="unknown" Port="8083" Protocol="tcp" />
<Service ServiceName="unknown" Port="49153" Protocol="tcp" />
<Service ServiceName="unknown" Port="49154" Protocol="tcp" />
</Host>
</Vuln>
<Vuln FaultlineID="13017" VulnName="NetBIOS Null Session Enabled">
<Risk>0</Risk>
<Description>NetBIOS Null sessions are enabled on the host.</Description><Observation>A NetBIOS null session allows users to connect to a host remotely with no username and password and perform a limited set of administrative tasks. Null sessions allow the remote user to gather information such as:

1. List users
2. List groups
3. List shares (including hidden shares)
4. Policies (such as minimum password length, etc.)

While the enumerated information is not an immediate risk, much of the information can be leveraged to launch an attack to gain user or administrative privilege. All steps should be taken to eliminate the vulnerability and/or reduce the information available to the attacker.

This check only attempts to establish a NetBIOS null session with the host. It does not attempt to determine what information is accessible with the null session.
</Observation><Recommendation>Disable or restrict null session access to network shares.

For Windows operating systems, the configuration steps may vary based on the type of operating system and Domain or Local Security policies. Contact the operating system vendor for hardening steps specific to the operating system and setup environment.

For Unix Samba based server, make sure that samba's configuration parameter "guest ok"  is set to "no" and set the "restrict anonymous" parameter.

Workaround: Block access to TCP port 139 (NetBIOS) and TCP port 445 using a firewall. 

Note: Blocking access for MVM to both TCP ports 139 and 445 will also block MVM's credential based scans. This should only be done if credential based scans are not needed.</Recommendation><Host AssetLabel="" IPDword="00000000000000000000FFFF0A000C19" IPAddress="10.0.12.25" OSName="Windows Server 2003 ** (Service Pack 2)" DNSName="" NBName="WIM-01" NBWorkGroupName="CIM">
<Service ServiceName="ftp" Port="21" Protocol="tcp" />
<Service ServiceName="ssh" Port="22" Protocol="tcp" />
<Service ServiceName="domain" Port="53" Protocol="tcp" />
<Service ServiceName="domain" Port="53" Protocol="udp" />
<Service ServiceName="http" Port="9001" Protocol="tcp" />
<Service ServiceName="http" Port="5800" Protocol="tcp" />
<Service ServiceName="http" Port="80" Protocol="tcp" />
<Service ServiceName="kerberos" Port="88" Protocol="tcp" />
<Service ServiceName="ntp" Port="123" Protocol="udp" />
<Service ServiceName="loc-srv" Port="135" Protocol="tcp" />
<Service ServiceName="netbios-ns" Port="137" Protocol="udp" />
<Service ServiceName="netbios-ssn" Port="139" Protocol="tcp" />
<Service ServiceName="ldap" Port="389" Protocol="udp" />
<Service ServiceName="svrloc" Port="427" Protocol="tcp" />
<Service ServiceName="microsoft-ds" Port="445" Protocol="tcp" />
<Service ServiceName="kpasswd" Port="464" Protocol="tcp" />
<Service ServiceName="http-rpc-epmap" Port="593" Protocol="tcp" />
<Service ServiceName="ldaps" Port="636" Protocol="tcp" />
<Service ServiceName="ms-sql-s" Port="1433" Protocol="tcp" />
<Service ServiceName="msft-gc" Port="3268" Protocol="tcp" />
<Service ServiceName="msft-gc-ssl" Port="3269" Protocol="tcp" />
<Service ServiceName="ms-term-service" Port="3389" Protocol="tcp" />
<Service ServiceName="krb524" Port="4444" Protocol="tcp" />
<Service ServiceName="NetBus" Port="12345" Protocol="tcp" />
<Service ServiceName="LDAP" Port="389" Protocol="tcp" />
<Service ServiceName="vnc" Port="5900" Protocol="tcp" />
<Service ServiceName="unknown" Port="8083" Protocol="tcp" />
<Service ServiceName="unknown" Port="49153" Protocol="tcp" />
<Service ServiceName="unknown" Port="49154" Protocol="tcp" />
</Host>
</Vuln>
<Vuln FaultlineID="16272" VulnName="JBoss EJBInvokerServlet / JMXInvokerServlet Marshalled Object Remote Code Execution">
<Risk>10</Risk>
<Description>A remote code execution vulnerability is present in some versions of JBoss.</Description><Observation>JBoss is an application server developed by Red Hat.

A remote code execution vulnerability is present in some versions of JBoss. The flaw is due to how certain HTTP requests containing marshalled Java objects are handled. Successful exploitation by a remote attacker could result in the execution of arbitrary code.

Note that the vulnerability also lies in some products which are internally using JBoss .</Observation><Recommendation>The vendor has released advisories to address this issue:

http://rhn.redhat.com/errata/RHSA-2013-0191.html
http://rhn.redhat.com/errata/RHSA-2013-0192.html
http://rhn.redhat.com/errata/RHSA-2013-0193.html
http://rhn.redhat.com/errata/RHSA-2013-0194.html
http://rhn.redhat.com/errata/RHSA-2013-0195.html
http://rhn.redhat.com/errata/RHSA-2013-0196.html
http://rhn.redhat.com/errata/RHSA-2013-0197.html
http://rhn.redhat.com/errata/RHSA-2013-0198.html</Recommendation><CVE>CVE-2012-0874</CVE>
<CVE>CVE-2013-4810</CVE>
<Host AssetLabel="" IPDword="00000000000000000000FFFF0A000C19" IPAddress="10.0.12.25" OSName="Windows Server 2003 ** (Service Pack 2)" DNSName="" NBName="WIM-01" NBWorkGroupName="CIM">
<Service ServiceName="ftp" Port="21" Protocol="tcp" />
<Service ServiceName="ssh" Port="22" Protocol="tcp" />
<Service ServiceName="domain" Port="53" Protocol="tcp" />
<Service ServiceName="domain" Port="53" Protocol="udp" />
<Service ServiceName="http" Port="9001" Protocol="tcp" />
<Service ServiceName="http" Port="5800" Protocol="tcp" />
<Service ServiceName="http" Port="80" Protocol="tcp" />
<Service ServiceName="kerberos" Port="88" Protocol="tcp" />
<Service ServiceName="ntp" Port="123" Protocol="udp" />
<Service ServiceName="loc-srv" Port="135" Protocol="tcp" />
<Service ServiceName="netbios-ns" Port="137" Protocol="udp" />
<Service ServiceName="netbios-ssn" Port="139" Protocol="tcp" />
<Service ServiceName="ldap" Port="389" Protocol="udp" />
<Service ServiceName="svrloc" Port="427" Protocol="tcp" />
<Service ServiceName="microsoft-ds" Port="445" Protocol="tcp" />
<Service ServiceName="kpasswd" Port="464" Protocol="tcp" />
<Service ServiceName="http-rpc-epmap" Port="593" Protocol="tcp" />
<Service ServiceName="ldaps" Port="636" Protocol="tcp" />
<Service ServiceName="ms-sql-s" Port="1433" Protocol="tcp" />
<Service ServiceName="msft-gc" Port="3268" Protocol="tcp" />
<Service ServiceName="msft-gc-ssl" Port="3269" Protocol="tcp" />
<Service ServiceName="ms-term-service" Port="3389" Protocol="tcp" />
<Service ServiceName="krb524" Port="4444" Protocol="tcp" />
<Service ServiceName="NetBus" Port="12345" Protocol="tcp" />
<Service ServiceName="LDAP" Port="389" Protocol="tcp" />
<Service ServiceName="vnc" Port="5900" Protocol="tcp" />
<Service ServiceName="unknown" Port="8083" Protocol="tcp" />
<Service ServiceName="unknown" Port="49153" Protocol="tcp" />
<Service ServiceName="unknown" Port="49154" Protocol="tcp" />
</Host>
</Vuln>
</Vulnerability>
</ROOT>
