<?xml version="1.0" encoding="UTF-8"?>
<ROOT xmlns:rsd="urn:www.mcafee.com:foundstone:reportsectiondescription">
<ReportInfo CreationDate="2018-05-08 04:58:36 UTC" ReportType="Network Inventory" />
<Jobs JobID="119" ScanName="BD_quetTT1_sang_080518_1" ScanType="Internal" StartTime="2018-05-08 04:30:00 UTC" EndTime="2018-05-08 04:58:32 UTC" TestJob="0" />
<HostData>
<Host AssetLabel="" IPDword="00000000000000000000FFFF0A01255E" IPAddress="10.1.37.94" OSName="Windows 7" DNSName="" NBName="[Unknown]" NBWorkGroupName="">
<ServicesFound>
<Service ServiceName="ftp">
<Port>21</Port>
<Protocol>tcp</Protocol>
<Banner><![CDATA[]]></Banner>
</Service>
<Service ServiceName="ssh">
<Port>22</Port>
<Protocol>tcp</Protocol>
<Banner><![CDATA[ SSH-2.0-OpenSSH_5.3 ]]></Banner>
</Service>
<Service ServiceName="sunrpc">
<Port>111</Port>
<Protocol>tcp</Protocol>
<Banner><![CDATA[ Portmap Dump

100000      rpcbind       Ver. 4    TCP  port 111
100000      rpcbind       Ver. 3    TCP  port 111
100000      rpcbind       Ver. 2    TCP  port 111
100000      rpcbind       Ver. 4    UDP  port 111
100000      rpcbind       Ver. 3    UDP  port 111
100000      rpcbind       Ver. 2    UDP  port 111
100024      status        Ver. 1    UDP  port 54397
100024      status        Ver. 1    TCP  port 10134 ]]></Banner>
</Service>
<Service ServiceName="unknown">
<Port>111</Port>
<Protocol>udp</Protocol>
<Banner><![CDATA[ 29 52 50 CD 00 00 00 01 00 00 00 00 00 00 00 00   )RP.............
00 00 00 00 00 00 00 00 00 00 00 00 ** ** ** **   ............ ]]></Banner>
</Service>
<Service ServiceName="ntp">
<Port>123</Port>
<Protocol>udp</Protocol>
<Banner><![CDATA[ System Time (UTC): Tuesday, May 08, 2018  4:41:02 AM (-00:00:13) ]]></Banner>
</Service>
</ServicesFound>
<VulnsFound>
<Vuln id="11200" VulnName="SSH Protocol Supported Versions Detected">
<Risk>0</Risk>
<ServiceName>ssh</ServiceName>
<Port>22</Port>
<Protocol>tcp</Protocol>
<Description>SSH protocol supported version was detected on the host.</Description></Vuln>
</VulnsFound>
<AddressesFound>
<Address IPDword="00000000000000000000FFFF0A01255E" IPAddress="10.1.37.94" />
</AddressesFound>
</Host>
<Host AssetLabel="" IPDword="00000000000000000000FFFF0A000C19" IPAddress="10.0.12.25" OSName="Windows Server 2003 ** (Service Pack 2)" DNSName="" NBName="WIM-01" NBWorkGroupName="CIM">
<ServicesFound>
<Service ServiceName="ftp">
<Port>21</Port>
<Protocol>tcp</Protocol>
<Banner><![CDATA[ 220 Hello, I'm freeFTPd 1.0
--&gt; STAT
530 Please login first ]]></Banner>
</Service>
<Service ServiceName="ssh">
<Port>22</Port>
<Protocol>tcp</Protocol>
<Banner><![CDATA[ SSH-2.0-WeOnlyDo-wodFTPD 2.3.6.165 ]]></Banner>
</Service>
<Service ServiceName="domain">
<Port>53</Port>
<Protocol>tcp</Protocol>
<Banner><![CDATA[]]></Banner>
</Service>
<Service ServiceName="domain">
<Port>53</Port>
<Protocol>udp</Protocol>
<Banner><![CDATA[]]></Banner>
</Service>
<Service ServiceName="http">
<Port>9001</Port>
<Protocol>tcp</Protocol>
<Banner><![CDATA[ HTTP/1.1 200 OK
Server: Apache-Coyote/1.1
X-Powered-By: Servlet 2.4; JBoss-4.2.3.GA (build: SVNTag=JBoss_4_2_3_GA date=200807181417)/JBossWeb-2.0
ETag: W/&quot;1570-1216365662000&quot;
Last-Modified: Fri, 18 Jul 2008 07:21:02 GMT
Content-Type: text/html
Content-Length: 1570
Date: Tue, 08 May 2018 04:32:49 GMT
Connection: close

&lt;?xml version=&quot;1.0&quot; encoding=&quot;iso-8859-1&quot;?&gt;
&lt;!DOCTYPE html PUBLIC &quot;-//W3C//DTD XHTML 1.0 Transitional//EN&quot; &quot;http://www.w3.org/TR/xhtml1/DTD/xhtml1-transitional.dtd&quot;&gt;
&lt;html xmlns=&quot;http://www.w3.org/1999/xhtml&quot;&gt;
&lt;head&gt;
   &lt;title&gt;Welcome to JBoss&amp;trade;&lt;/title&gt;
   &lt;meta http-equiv=&quot;Content-Type&quot; content=&quot;text/html; charset=iso-8859-1&quot; /&gt;
   &lt;link rel=&quot;StyleSheet&quot; href=&quot;jboss.css&quot; type=&quot;text/css&quot;/&gt;
&lt;/head&gt;

&lt;body&gt;
&lt;!-- header begin --&gt;
   &lt;a href=&quot;http://www.jboss.org&quot;&gt;
      &lt;img src=&quot;logo.gif&quot; alt=&quot;JBoss&quot; id=&quot;logo&quot; width=&quot;226&quot; height=&quot;105&quot; /&gt;
   &lt;/a&gt;
   &lt;div id=&quot;header&quot;&gt;&amp;nbsp;&lt;/div&gt;
   &lt;div id=&quot;navigation_bar&quot;&gt;&lt;/div&gt;
&lt;!-- header end --&gt;

   &lt;h3&gt;JBoss Online Resources&lt;/h3&gt;
   &lt;ul&gt;
      &lt;li&gt;&lt;a href=&quot;http://www.jboss.org/jbossas/docs&quot;&gt;JBoss AS Documentation&lt;/a&gt;&lt;/li&gt;
      &lt;li&gt;&lt;a href=&quot;http://wiki.jboss.org&quot;&gt;JBoss Wiki&lt;/a&gt;&lt;/li&gt;
      &lt;li&gt;&lt;a href=&quot;http://jira.jboss.org/jira/browse/JBAS&quot;&gt;JBoss JIRA&lt;/a&gt;&lt;/li&gt;
      &lt;li&gt;&lt;a href=&quot;http://www.jboss.org/index.html?module=bb&quot;&gt;JBoss Forums&lt;/a&gt;&lt;/li&gt;
   &lt;/ul&gt;

   &lt;h3&gt;JBoss Management&lt;/h3&gt;
   &lt;ul&gt;
      &lt;li&gt;&lt;a href=&quot;/status&quot;&gt;Tomcat status&lt;/a&gt;
          &lt;a href=&quot;/status?full=true&quot;&gt;(full)&lt;/a&gt;
          &lt;a href=&quot;/status?XML=true&quot;&gt;(XML)&lt;/a&gt;&lt;/li&gt;
      &lt;li&gt;&lt;a href=&quot;/jmx-console/&quot;&gt;JMX Console&lt;/a&gt;&lt;/li&gt;
      &lt;li&gt;&lt;a href=&quo ]]></Banner>
</Service>
<Service ServiceName="http">
<Port>5800</Port>
<Protocol>tcp</Protocol>
<Banner><![CDATA[ HTTP/1.1 200 OK
Server: RealVNC/E4
Date: Tue, 08 May 2018 04:32:49 GMT
Cache-Control: no-cache
Content-Type: text/html
Connection: close

&lt;html&gt;
&lt;head&gt;
&lt;title&gt;
VNC Viewer for Java
&lt;/title&gt;
&lt;/head&gt;
&lt;body&gt;
&lt;applet code=&quot;vncviewer/VNCViewer.class&quot; archive=&quot;vncviewer.jar&quot;
        width=&quot;600&quot; height=&quot;250&quot;&gt;
&lt;param name=&quot;port&quot; value=&quot;5900&quot;&gt;
&lt;!-- http://bugs.sun.com/bugdatabase/view_bug.do?bug_id=7183450 --&gt;
&lt;param name=&quot;java_arguments&quot; value=&quot;-Djava.net.preferIPv4Stack=true&quot;&gt;
&lt;!-- Since the JAR has this attribute in its manifest, the applet tag
     or JNLP file must containing a matching declaration. --&gt;
&lt;param name=&quot;permissions&quot; value=&quot;all-permissions&quot; /&gt;
&lt;/applet&gt;
&lt;/body&gt;
&lt;/html&gt; ]]></Banner>
</Service>
<Service ServiceName="http">
<Port>80</Port>
<Protocol>tcp</Protocol>
<Banner><![CDATA[ HTTP/1.1 200 OK
Content-Length: 1433
Content-Type: text/html
Content-Location: http://10.0.12.25/iisstart.htm
Last-Modified: Fri, 21 Feb 2003 11:48:30 GMT
Accept-Ranges: bytes
ETag: &quot;0bb2b279fd9c21:995&quot;
X-Powered-By: ASP.NET
Date: Tue, 08 May 2018 04:32:49 GMT
Connection: close

&lt;html&gt;

&lt;head&gt;
&lt;meta HTTP-EQUIV=&quot;Content-Type&quot; Content=&quot;text/html; charset=Windows-1252&quot;&gt;


&lt;title ID=titletext&gt;Under Construction&lt;/title&gt;
&lt;/head&gt;

&lt;body bgcolor=white&gt;
&lt;table&gt;
&lt;tr&gt;
&lt;td ID=tableProps width=70 valign=top align=center&gt;
&lt;img ID=pagerrorImg src=&quot;pagerror.gif&quot; width=36 height=48&gt;
&lt;td ID=tablePropsWidth width=400&gt;

&lt;h1 ID=errortype style=&quot;font:14pt/16pt verdana; color:#4e4e4e&quot;&gt;
&lt;P ID=Comment1&gt;&lt;!--Problem--&gt;&lt;P ID=&quot;errorText&quot;&gt;Under Construction&lt;/h1&gt;

&lt;P ID=Comment2&gt;&lt;!--Probable causes:&lt;--&gt;&lt;P ID=&quot;errordesc&quot;&gt;&lt;font style=&quot;font:9pt/12pt verdana; color:black&quot;&gt;
The site you are trying to view does not currently have a default page. It may be in the process of being upgraded and configured.
&lt;P ID=term1&gt;Please try this site again later. If you still experience the problem, try contacting the Web site administrator.

&lt;hr size=1 color=&quot;blue&quot;&gt;

&lt;P ID=message1&gt;If you are the Web site administrator and feel you have received this message in error, please see &amp;quot;Enabling and Disabling Dynamic Content&amp;quot; in IIS Help.

&lt;h5 ID=head1&gt;To access IIS Help&lt;/h5&gt;
&lt;ol&gt;
&lt;li ID=bullet1&gt;Click &lt;b&gt;Start&lt;/b&gt;, and then click &lt;b&gt;Run&lt;/b&gt;.
&lt;li ID=bullet2&gt;In the &lt;b&gt;Open&lt;/b&gt; text box, type &lt;b&gt;inetmgr&lt;/b&gt;. IIS Manager appears.
&lt;li ID=bullet3&gt;From the &lt;b&gt;Help&lt;/b&gt; menu, click &lt;b&gt;Help Topics&lt;/b&gt;.
&lt;li ID=bullet4&gt;Click &lt;b&gt;Internet Information Services&lt;/b&gt;.&lt;/ol&gt;
&lt;/td&gt;
&lt;/tr&gt;
&lt;/table&gt;

&lt;/body&gt;
&lt;/html&gt; ]]></Banner>
</Service>
<Service ServiceName="kerberos">
<Port>88</Port>
<Protocol>tcp</Protocol>
<Banner><![CDATA[]]></Banner>
</Service>
<Service ServiceName="ntp">
<Port>123</Port>
<Protocol>udp</Protocol>
<Banner><![CDATA[ System Time (UTC): Tuesday, May 08, 2018  4:32:52 AM (-00:08:23) ]]></Banner>
</Service>
<Service ServiceName="loc-srv">
<Port>135</Port>
<Protocol>tcp</Protocol>
<Banner><![CDATA[ e1af8308-5d1f-11c9-91a4-08002b14a0fa [Endpoint Mapper - v3.0]
0b0a6584-9e0f-11cf-a3cf-00805f68cb1b [Local Endpoint Mapper - v1.1]
1d55b526-c137-46c5-ab79-638f2a68e869 [DbgIdl - v1.0]
e60c73e6-88f9-11cf-9af1-0020af6e72f4 [ILocalObjectExporter - v2.0]
99fcfec4-5260-101b-bbcb-00aa0021347a [IOXIDResolver - v0.0]
b9e79e60-3d52-11ce-aaa1-00006901293f [IROT - v0.2]
412f241e-c12a-11ce-abff-0020af6e7a17 [ISCM - v0.2]
00000136-0000-0000-c000-000000000046 [ISCMLocalActivator - v0.0]
c6f3ee72-ce7e-11d1-b71e-00c04fc3111a [IMachineActivatorControl - v1.0]
4d9f4ab8-7d1c-11cf-861e-0020af6e7c57 [IRemoteActivation - v0.0]
000001a0-0000-0000-c000-000000000046 [ISystemActivator - v0.0] ]]></Banner>
</Service>
<Service ServiceName="netbios-ns">
<Port>137</Port>
<Protocol>udp</Protocol>
<Banner><![CDATA[ MAC Address: E4:1F:13:30:4B:A8
NIC Vendor : IBM Corp

Netbios Name Table (10 names)

WIM-01           00  UNIQUE   Workstation service name
CIM              00  GROUP    Workstation service name
CIM              1C  GROUP    Domain controller name
WIM-01           20  UNIQUE   Server services name
CIM              1B  UNIQUE   Master browser name
CIM              1E  GROUP    Group name
CIM              1D  UNIQUE   Master browser name
..__MSBROWSE__.  01  GROUP    Master Browser
WIM-01           01  UNIQUE   Master Browser
WIM-01           03  UNIQUE   Messenger name ]]></Banner>
</Service>
<Service ServiceName="netbios-ssn">
<Port>139</Port>
<Protocol>tcp</Protocol>
<Banner><![CDATA[]]></Banner>
</Service>
<Service ServiceName="ldap">
<Port>389</Port>
<Protocol>udp</Protocol>
<Banner><![CDATA[]]></Banner>
</Service>
<Service ServiceName="svrloc">
<Port>427</Port>
<Protocol>tcp</Protocol>
<Banner><![CDATA[]]></Banner>
</Service>
<Service ServiceName="microsoft-ds">
<Port>445</Port>
<Protocol>tcp</Protocol>
<Banner><![CDATA[ SMB capabilities flags:
- 0001F3FD
Primary Domain:
- CIM
Server:
- WIM-01
Native OS:
- Windows Server 2003 3790 Service Pack 2
Native LAN Manager:
- Windows Server 2003 5.2 ]]></Banner>
</Service>
<Service ServiceName="kpasswd">
<Port>464</Port>
<Protocol>tcp</Protocol>
<Banner><![CDATA[]]></Banner>
</Service>
<Service ServiceName="http-rpc-epmap">
<Port>593</Port>
<Protocol>tcp</Protocol>
<Banner><![CDATA[ ncacn_http/1.0 ]]></Banner>
</Service>
<Service ServiceName="ldaps">
<Port>636</Port>
<Protocol>tcp</Protocol>
<Banner><![CDATA[]]></Banner>
</Service>
<Service ServiceName="ms-sql-s">
<Port>1433</Port>
<Protocol>tcp</Protocol>
<Banner><![CDATA[]]></Banner>
</Service>
<Service ServiceName="msft-gc">
<Port>3268</Port>
<Protocol>tcp</Protocol>
<Banner><![CDATA[ 0.a.
.0.d.0.0.&amp;.currentTime1.20180508043249.0Z0.b.subschemaSubentry1.I.GCN=Aggregate,CN=Schema,CN=Configuration,DC=cim,DC=eximbank,DC=com,DC=vn0.
dsServiceName1.|.zCN=NTDS Settings,CN=WIM-01,CN=Servers,CN=Default-First-Site-Name,CN=Sites,CN=Configuration,DC=cim,DC=eximbank,DC=com,DC=vn0.namingContexts1.DC=cim,DC=eximbank,DC=com,DC=vn.0CN=Configuration,DC=cim,DC=eximbank,DC=com,DC=vn.:CN=Schema,CN=Configuration,DC=cim,DC=eximbank,DC=com,DC=vn.1DC=DomainDnsZones,DC=cim,DC=eximbank,DC=com,DC=vn.1DC=ForestDnsZones,DC=cim,DC=eximbank,DC=com,DC=vn0.=.defaultNamingContext1.!.DC=cim,DC=eximbank,DC=com,DC=vn0.W.schemaNamingContext1.&lt;.:CN=Schema,CN=Configuration,DC=cim,DC=eximbank,DC=com,DC=vn0.T.configurationNamingContext1.2.0CN=Configuration,DC=cim,DC=eximbank,DC=com,DC=vn0.@.rootDomainNamingContext1.!.DC=cim,DC=eximbank,DC=com,DC=vn0.K.supportedControl1.3.1.2.840.113556.1.4.319.1.2.840.113556.1.4.801.1.2.840.113556.1.4.473.1.2.840.113556.1.4.528.1.2.840.113556.1.4.417.1.2.840.113556.1.4.619.1.2.840.113556.1.4.841.1.2.840.113556.1.4.529.1.2.840.113556.1.4.805.1.2.840.113556.1.4.521.1.2.840.113556.1.4.970.1.2.840.113556.1.4.1338.1.2.840.113556.1.4.474.1.2.840.113556.1.4.1339.1.2.840.113556.1.4.1340.1.2.840.113556.1.4.1413.2.16.840.1.113730.3.4.9.2.16.840.1.113730.3.4.10.1.2.840.113556.1.4.1504.1.2.840.113556.1.4.1852.1.2.840.113556.1.4.802.1.2.840.113556.1.4.1907.1.2.840.113556.1.4.19480.&quot;.supportedLDAPVersion1.3.20.supportedLDAPPolicies1.MaxPoolThreads.MaxDatagramRecv.MaxReceiveBuffer.InitRecvTimeout.MaxConnections.MaxConnIdleTime.MaxPageSize.MaxQueryDuration.MaxTempTableSize.MaxResultSetSize.MaxNotificationPerConn.MaxValRange0.#.highestCommittedUSN1.2416840.I.supportedSASLMechanisms1.*.GSSAPI.
GSS-SPNEGO.EXTERNAL.
DIGEST-MD50./.dnsHostName1.WIM-01.cim.eximbank.com.vn0.H.ldapServiceName1.1./cim.eximbank.com.vn:wim-01$@CIM.EXIMBANK.COM.VN0.}.
serverName1.k.iCN=WIM-01,CN=Servers,CN=Default-First-Site-Name,CN=Sites,CN=Configuration,DC=cim,DC=eximbank,DC=com,DC=vn0.g.supportedCapabilities ]]></Banner>
</Service>
<Service ServiceName="msft-gc-ssl">
<Port>3269</Port>
<Protocol>tcp</Protocol>
<Banner><![CDATA[]]></Banner>
</Service>
<Service ServiceName="ms-term-service">
<Port>3389</Port>
<Protocol>tcp</Protocol>
<Banner><![CDATA[ 03 00 00 13 0E D0 00 00 12 34 00 03 00 08 00 02   .........4......
00 00 00 ** ** ** ** ** ** ** ** ** ** ** ** **   ... ]]></Banner>
</Service>
<Service ServiceName="krb524">
<Port>4444</Port>
<Protocol>tcp</Protocol>
<Banner><![CDATA[]]></Banner>
</Service>
<Service ServiceName="NetBus">
<Port>12345</Port>
<Protocol>tcp</Protocol>
<Banner><![CDATA[]]></Banner>
</Service>
<Service ServiceName="LDAP">
<Port>389</Port>
<Protocol>tcp</Protocol>
<Banner><![CDATA[ 0.a.
.0.d.0.0.&amp;.currentTime1.20180508043249.0Z0.b.subschemaSubentry1.I.GCN=Aggregate,CN=Schema,CN=Configuration,DC=cim,DC=eximbank,DC=com,DC=vn0.
dsServiceName1.|.zCN=NTDS Settings,CN=WIM-01,CN=Servers,CN=Default-First-Site-Name,CN=Sites,CN=Configuration,DC=cim,DC=eximbank,DC=com,DC=vn0.namingContexts1.DC=cim,DC=eximbank,DC=com,DC=vn.0CN=Configuration,DC=cim,DC=eximbank,DC=com,DC=vn.:CN=Schema,CN=Configuration,DC=cim,DC=eximbank,DC=com,DC=vn.1DC=DomainDnsZones,DC=cim,DC=eximbank,DC=com,DC=vn.1DC=ForestDnsZones,DC=cim,DC=eximbank,DC=com,DC=vn0.=.defaultNamingContext1.!.DC=cim,DC=eximbank,DC=com,DC=vn0.W.schemaNamingContext1.&lt;.:CN=Schema,CN=Configuration,DC=cim,DC=eximbank,DC=com,DC=vn0.T.configurationNamingContext1.2.0CN=Configuration,DC=cim,DC=eximbank,DC=com,DC=vn0.@.rootDomainNamingContext1.!.DC=cim,DC=eximbank,DC=com,DC=vn0.K.supportedControl1.3.1.2.840.113556.1.4.319.1.2.840.113556.1.4.801.1.2.840.113556.1.4.473.1.2.840.113556.1.4.528.1.2.840.113556.1.4.417.1.2.840.113556.1.4.619.1.2.840.113556.1.4.841.1.2.840.113556.1.4.529.1.2.840.113556.1.4.805.1.2.840.113556.1.4.521.1.2.840.113556.1.4.970.1.2.840.113556.1.4.1338.1.2.840.113556.1.4.474.1.2.840.113556.1.4.1339.1.2.840.113556.1.4.1340.1.2.840.113556.1.4.1413.2.16.840.1.113730.3.4.9.2.16.840.1.113730.3.4.10.1.2.840.113556.1.4.1504.1.2.840.113556.1.4.1852.1.2.840.113556.1.4.802.1.2.840.113556.1.4.1907.1.2.840.113556.1.4.19480.&quot;.supportedLDAPVersion1.3.20.supportedLDAPPolicies1.MaxPoolThreads.MaxDatagramRecv.MaxReceiveBuffer.InitRecvTimeout.MaxConnections.MaxConnIdleTime.MaxPageSize.MaxQueryDuration.MaxTempTableSize.MaxResultSetSize.MaxNotificationPerConn.MaxValRange0.#.highestCommittedUSN1.2416840.I.supportedSASLMechanisms1.*.GSSAPI.
GSS-SPNEGO.EXTERNAL.
DIGEST-MD50./.dnsHostName1.WIM-01.cim.eximbank.com.vn0.H.ldapServiceName1.1./cim.eximbank.com.vn:wim-01$@CIM.EXIMBANK.COM.VN0.}.
serverName1.k.iCN=WIM-01,CN=Servers,CN=Default-First-Site-Name,CN=Sites,CN=Configuration,DC=cim,DC=eximbank,DC=com,DC=vn0.g.supportedCapabilities ]]></Banner>
</Service>
<Service ServiceName="vnc">
<Port>5900</Port>
<Protocol>tcp</Protocol>
<Banner><![CDATA[ RFB 004.001 ]]></Banner>
</Service>
<Service ServiceName="unknown">
<Port>8083</Port>
<Protocol>tcp</Protocol>
<Banner><![CDATA[]]></Banner>
</Service>
<Service ServiceName="unknown">
<Port>49153</Port>
<Protocol>tcp</Protocol>
<Banner><![CDATA[]]></Banner>
</Service>
<Service ServiceName="unknown">
<Port>49154</Port>
<Protocol>tcp</Protocol>
<Banner><![CDATA[ ncacn_http/1.0 ]]></Banner>
</Service>
</ServicesFound>
<VulnsFound>
<Vuln id="694" VulnName="VNC HTTP Console">
<Risk>0</Risk>
<ServiceName>http</ServiceName>
<Port>5800</Port>
<Protocol>tcp</Protocol>
<Description>A VNC HTTP remote desktop console was detected.</Description><CVE>CVE-MAP-NOMATCH</CVE>
</Vuln>
<Vuln id="864" VulnName="NetBIOS NBTSTAT -A">
<Risk>0</Risk>
<ServiceName>netbios-ns</ServiceName>
<Port>137</Port>
<Protocol>udp</Protocol>
<Description>It is possible to retrieve NetBIOS Name Service information.</Description><CVE>CVE-MAP-NOMATCH</CVE>
</Vuln>
<Vuln id="891" VulnName="VNC Server Detected">
<Risk>0</Risk>
<ServiceName>vnc</ServiceName>
<Port>5900</Port>
<Protocol>tcp</Protocol>
<Description>A VNC server has been detected on the host.</Description><CVE>CVE-MAP-NOMATCH</CVE>
</Vuln>
<Vuln id="955" VulnName="Microsoft Windows Terminal Service">
<Risk>0</Risk>
<ServiceName>ms-term-service</ServiceName>
<Port>3389</Port>
<Protocol>tcp</Protocol>
<Description>Microsoft Windows Terminal service has been detected on the target host.</Description><CVE>CVE-MAP-NOMATCH</CVE>
</Vuln>
<Vuln id="1923" VulnName="Microsoft SQL TCP Listener Detected">
<Risk>0</Risk>
<ServiceName>ms-sql-s</ServiceName>
<Port>1433</Port>
<Protocol>tcp</Protocol>
<Description>A Microsoft SQL Server TCP listener was detected.</Description></Vuln>
<Vuln id="2570" VulnName="LDAP Service Detected">
<Risk>0</Risk>
<ServiceName>LDAP</ServiceName>
<Port>389</Port>
<Protocol>tcp</Protocol>
<Description>The LDAP service is running on the host.</Description></Vuln>
<Vuln id="3941" VulnName="Microsoft Windows Domain Or Workgroup Detection">
<Risk>0</Risk>
<ServiceName>microsoft-ds</ServiceName>
<Port>445</Port>
<Protocol>tcp</Protocol>
<Description>The target's domain or workgroup name was detected.</Description><CVE>CVE-MAP-NOMATCH</CVE>
</Vuln>
<Vuln id="4643" VulnName="LSASS RPC Interface Detected">
<Risk>0</Risk>
<ServiceName>loc-srv</ServiceName>
<Port>135</Port>
<Protocol>tcp</Protocol>
<Description>LSASS RPC Interface Detected.</Description></Vuln>
<Vuln id="6658" VulnName="JBoss Enterprise Application Platform Status Servlet Request Information Disclosure Vulnerability">
<Risk>4</Risk>
<ServiceName>http</ServiceName>
<Port>9001</Port>
<Protocol>tcp</Protocol>
<Description>A vulnerability exists in JBoss Enterprise Application Platform (EAP) that may allow for sensitive information disclosure.</Description><CVE>CVE-2008-3273</CVE>
</Vuln>
<Vuln id="6911" VulnName="FTP Server Found">
<Risk>0</Risk>
<ServiceName>ftp</ServiceName>
<Port>21</Port>
<Protocol>tcp</Protocol>
<Description>An FTP server was detected on the host.</Description></Vuln>
<Vuln id="6995" VulnName="Microsoft SQL Server Authentication Mode">
<Risk>0</Risk>
<ServiceName>ms-sql-s</ServiceName>
<Port>1433</Port>
<Protocol>tcp</Protocol>
<Description>The target host is running Microsoft SQL Server with authentication enabled.</Description></Vuln>
<Vuln id="7304" VulnName="JBoss Administrative Console Security Bypass Vulnerability">
<Risk>8</Risk>
<ServiceName>http</ServiceName>
<Port>9001</Port>
<Protocol>tcp</Protocol>
<Description>The JBoss Application Server may allow unauthenticated access to the administrative interface. </Description><CVE>CVE-2007-1036</CVE>
</Vuln>
<Vuln id="7980" VulnName="JBoss Web Console Cross-Site Scripting Vulnerability (CVE-2009-2405)">
<Risk>4</Risk>
<ServiceName>http</ServiceName>
<Port>9001</Port>
<Protocol>tcp</Protocol>
<Description>JBoss Enterprise Application Platform is prone to multiple cross-site scripting (XSS) vulnerabilities.</Description><CVE>CVE-2009-2405</CVE>
</Vuln>
<Vuln id="8239" VulnName="Microsoft IIS Server Detected">
<Risk>0</Risk>
<ServiceName>http</ServiceName>
<Port>80</Port>
<Protocol>tcp</Protocol>
<Description>Microsoft Internet Information Services (IIS) was detected on the host.</Description></Vuln>
<Vuln id="8489" VulnName="NetBIOS Bindings Information Detected">
<Risk>0</Risk>
<ServiceName>netbios-ns</ServiceName>
<Port>137</Port>
<Protocol>udp</Protocol>
<Description>NetBIOS bindings information was detected on the host.</Description></Vuln>
<Vuln id="8490" VulnName="NetBIOS Names Information Accessible">
<Risk>0</Risk>
<ServiceName>netbios-ns</ServiceName>
<Port>137</Port>
<Protocol>udp</Protocol>
<Description>Microsoft NetBIOS names information was detected on the host.</Description></Vuln>
<Vuln id="8658" VulnName="Microsoft Windows Active Directory Domain Controller  Detected">
<Risk>0</Risk>
<ServiceName>LDAP</ServiceName>
<Port>389</Port>
<Protocol>tcp</Protocol>
<Description>Microsoft Windows Active Directory/Domain Controller was detected on the host.</Description></Vuln>
<Vuln id="9797" VulnName="LDAP NULL Base Search Access Allowed">
<Risk>0</Risk>
<ServiceName>LDAP</ServiceName>
<Port>389</Port>
<Protocol>tcp</Protocol>
<Description>Lightweight Directory Access Protocol (LDAP) null base search access is allowed.</Description></Vuln>
<Vuln id="9803" VulnName="LDAP Server NULL Bind Connection Allowed">
<Risk>0</Risk>
<ServiceName>LDAP</ServiceName>
<Port>389</Port>
<Protocol>tcp</Protocol>
<Description>Lightweight Directory Access Protocol (LDAP) server allows null bind connection.</Description></Vuln>
<Vuln id="9908" VulnName="LDAP Crafted Search Request Access Allowed">
<Risk>0</Risk>
<ServiceName>LDAP</ServiceName>
<Port>389</Port>
<Protocol>tcp</Protocol>
<Description>Lightweight Directory Access Protocol (LDAP) host allows search requests with objectClass=* filter.</Description></Vuln>
<Vuln id="10224" VulnName="Hidden WWW Server Name Detected">
<Risk>0</Risk>
<ServiceName>http</ServiceName>
<Port>5800</Port>
<Protocol>tcp</Protocol>
<Description>Hidden WWW server name detected.</Description></Vuln>
<Vuln id="11055" VulnName="DNS Server Detected">
<Risk>0</Risk>
<ServiceName>domain</ServiceName>
<Port>53</Port>
<Protocol>tcp</Protocol>
<Description>DNS Server was detected on the host.</Description></Vuln>
<Vuln id="11067" VulnName="FTP Server With Clear Text Authentication Detected">
<Risk>0</Risk>
<ServiceName>ftp</ServiceName>
<Port>21</Port>
<Protocol>tcp</Protocol>
<Description>FTP server with clear text authentication was detected on the host.</Description></Vuln>
<Vuln id="11090" VulnName="FTP Server Detected">
<Risk>0</Risk>
<ServiceName>ftp</ServiceName>
<Port>21</Port>
<Protocol>tcp</Protocol>
<Description>A FTP server was detected on the host.</Description></Vuln>
<Vuln id="11144" VulnName="LDAP Server Detected">
<Risk>0</Risk>
<ServiceName>LDAP</ServiceName>
<Port>389</Port>
<Protocol>tcp</Protocol>
<Description>LDAP server was detected on the host.</Description></Vuln>
<Vuln id="11192" VulnName="Microsoft Remote Procedure Call Service Detected">
<Risk>0</Risk>
<ServiceName>loc-srv</ServiceName>
<Port>135</Port>
<Protocol>tcp</Protocol>
<Description>Microsoft Remote Procedure Call Service was detected on the host.</Description></Vuln>
<Vuln id="11200" VulnName="SSH Protocol Supported Versions Detected">
<Risk>0</Risk>
<ServiceName>ssh</ServiceName>
<Port>22</Port>
<Protocol>tcp</Protocol>
<Description>SSH protocol supported version was detected on the host.</Description></Vuln>
<Vuln id="11218" VulnName="Web Server HTTP Protocol Version Detected">
<Risk>0</Risk>
<ServiceName>http</ServiceName>
<Port>9001</Port>
<Protocol>tcp</Protocol>
<Description>HTTP protocol version was obtained from the host through web server.</Description></Vuln>
<Vuln id="11604" VulnName="JBoss JMX Console Unrestricted Access Vulnerability">
<Risk>5</Risk>
<ServiceName>http</ServiceName>
<Port>9001</Port>
<Protocol>tcp</Protocol>
<Description>An unrestricted access vulnerability is present in some versions of JBoss.</Description></Vuln>
<Vuln id="11735" VulnName="Red Hat JBoss Enterprise Application Platform Web Console Security Bypass Vulnerability I">
<Risk>5</Risk>
<ServiceName>http</ServiceName>
<Port>9001</Port>
<Protocol>tcp</Protocol>
<Description>A security bypass vulnerability is present in some versions of Red Hat JBoss Enterprise Application Platform.</Description><CVE>CVE-2010-1428</CVE>
</Vuln>
<Vuln id="12987" VulnName="SMB User Enumeration By Host/Domain SID">
<Risk>5</Risk>
<ServiceName>microsoft-ds</ServiceName>
<Port>445</Port>
<Protocol>tcp</Protocol>
<Description>It is possible to enumerate user accounts for the target system by host/domain SID.</Description><CVE>CVE-2000-1200</CVE>
</Vuln>
<Vuln id="13017" VulnName="NetBIOS Null Session Enabled">
<Risk>0</Risk>
<ServiceName>microsoft-ds</ServiceName>
<Port>445</Port>
<Protocol>tcp</Protocol>
<Description>NetBIOS Null sessions are enabled on the host.</Description></Vuln>
<Vuln id="16272" VulnName="JBoss EJBInvokerServlet / JMXInvokerServlet Marshalled Object Remote Code Execution">
<Risk>10</Risk>
<ServiceName>http</ServiceName>
<Port>9001</Port>
<Protocol>tcp</Protocol>
<Description>A remote code execution vulnerability is present in some versions of JBoss.</Description><CVE>CVE-2012-0874</CVE>
<CVE>CVE-2013-4810</CVE>
</Vuln>
</VulnsFound>
<AddressesFound>
<Address IPDword="00000000000000000000FFFF0A000C19" IPAddress="10.0.12.25" />
</AddressesFound>
</Host>
</HostData>
</ROOT>
