<?xml version="1.0" encoding="UTF-8"?>
<ROOT xmlns:rsd="urn:www.mcafee.com:foundstone:reportsectiondescription">
<ReportInfo CreationDate="2018-10-08 04:38:44 UTC" ReportType="Network Inventory" />
<Jobs JobID="671" ScanName="AnSuong_sang_081018_1" ScanType="Internal" StartTime="2018-10-08 04:30:00 UTC" EndTime="2018-10-08 04:38:39 UTC" TestJob="0" />
<HostData>
<Host AssetLabel="" IPDword="00000000000000000000FFFF0A0A3B83" IPAddress="10.10.59.131" OSName="Cisco IOS 15.4(3)M1" DNSName="" NBName="[Unknown]" NBWorkGroupName="">
<ServicesFound>
<Service ServiceName="ssh">
<Port>22</Port>
<Protocol>tcp</Protocol>
<Banner><![CDATA[ SSH-2.0-Cisco-1.25 ]]></Banner>
</Service>
</ServicesFound>
<VulnsFound>
<Vuln id="11200" VulnName="SSH Protocol Supported Versions Detected">
<Risk>0</Risk>
<ServiceName>ssh</ServiceName>
<Port>22</Port>
<Protocol>tcp</Protocol>
<Description>SSH protocol supported version was detected on the host.</Description></Vuln>
<Vuln id="18665" VulnName="Syslog Service Is Not Running">
<Risk>0</Risk>
<ServiceName>ssh</ServiceName>
<Port>22</Port>
<Protocol>tcp</Protocol>
<Description>Syslog service is not running on target system.</Description></Vuln>
</VulnsFound>
<AddressesFound>
<Address IPDword="00000000000000000000FFFF0A0A3B83" IPAddress="10.10.59.131" />
</AddressesFound>
</Host>
</HostData>
</ROOT>
