<?xml version="1.0" encoding="UTF-8"?>
<ROOT xmlns:rsd="urn:www.mcafee.com:foundstone:reportsectiondescription">
<ReportInfo CreationDate="2018-10-08 04:38:44 UTC" ReportType="Risk Data" />
<Jobs JobID="671" ScanName="AnSuong_sang_081018_1" ScanType="Internal" StartTime="2018-10-08 04:30:00 UTC" EndTime="2018-10-08 04:38:39 UTC" TestJob="0" />
<Vulnerability>
<Vuln FaultlineID="11200" VulnName="SSH Protocol Supported Versions Detected">
<Risk>0</Risk>
<Description>SSH protocol supported version was detected on the host.</Description><Observation>SSH protocol is used to establish a secure channel for data exchange.

SSH protocol supported version was detected on the host.</Observation><Recommendation>Ensure that ssh protocol complies with organizational policy.</Recommendation><Host AssetLabel="" IPDword="00000000000000000000FFFF0A0A3B83" IPAddress="10.10.59.131" OSName="Cisco IOS 15.4(3)M1" DNSName="" NBName="[Unknown]" NBWorkGroupName="">
<Service ServiceName="ssh" Port="22" Protocol="tcp" />
</Host>
</Vuln>
<Vuln FaultlineID="18665" VulnName="Syslog Service Is Not Running">
<Risk>0</Risk>
<Description>Syslog service is not running on target system.</Description><Observation>Syslog is a widely used logging solution in Linux and Unix platforms.

Syslog service is not running on target system. The service running is recommended because it's very helpful for system management and security auditing.</Observation><Recommendation>It's recommended to enable syslog service on target system. 
</Recommendation><Host AssetLabel="" IPDword="00000000000000000000FFFF0A0A3B83" IPAddress="10.10.59.131" OSName="Cisco IOS 15.4(3)M1" DNSName="" NBName="[Unknown]" NBWorkGroupName="">
<Service ServiceName="ssh" Port="22" Protocol="tcp" />
</Host>
</Vuln>
</Vulnerability>
</ROOT>
