<?xml version="1.0" encoding="UTF-8"?>
<ROOT xmlns:rsd="urn:www.mcafee.com:foundstone:reportsectiondescription">
<ReportInfo CreationDate="2018-05-04 04:53:36 UTC" ReportType="Network Inventory" />
<Jobs JobID="117" ScanName="BD_quetTT1_sang_040518_1" ScanType="Internal" StartTime="2018-05-04 04:30:00 UTC" EndTime="2018-05-04 04:53:31 UTC" TestJob="0" />
<HostData>
<Host AssetLabel="" IPDword="00000000000000000000FFFF0A012CD8" IPAddress="10.1.44.216" OSName="Windows Server 2003 (Service Pack 2)" DNSName="" NBName="WEB-GATEWAY01" NBWorkGroupName="WORKGROUP">
<ServicesFound>
<Service ServiceName="ftp">
<Port>21</Port>
<Protocol>tcp</Protocol>
<Banner><![CDATA[]]></Banner>
</Service>
<Service ServiceName="http">
<Port>80</Port>
<Protocol>tcp</Protocol>
<Banner><![CDATA[ HTTP/1.1 200 OK
Cache-Control: no-cache
Content-Length: 1433
Content-Type: text/html
Content-Location: http://10.1.44.216/iisstart.htm
Last-Modified: Fri, 21 Feb 2003 11:48:30 GMT
Accept-Ranges: bytes
ETag: &quot;0bb2b279fd9c21:13b2&quot;
Server: Microsoft-IIS/6.0
X-Powered-By: ASP.NET
Date: Fri, 04 May 2018 05:04:11 GMT
Connection: close

&lt;html&gt;

&lt;head&gt;
&lt;meta HTTP-EQUIV=&quot;Content-Type&quot; Content=&quot;text/html; charset=Windows-1252&quot;&gt;


&lt;title ID=titletext&gt;Under Construction&lt;/title&gt;
&lt;/head&gt;

&lt;body bgcolor=white&gt;
&lt;table&gt;
&lt;tr&gt;
&lt;td ID=tableProps width=70 valign=top align=center&gt;
&lt;img ID=pagerrorImg src=&quot;pagerror.gif&quot; width=36 height=48&gt;
&lt;td ID=tablePropsWidth width=400&gt;

&lt;h1 ID=errortype style=&quot;font:14pt/16pt verdana; color:#4e4e4e&quot;&gt;
&lt;P ID=Comment1&gt;&lt;!--Problem--&gt;&lt;P ID=&quot;errorText&quot;&gt;Under Construction&lt;/h1&gt;

&lt;P ID=Comment2&gt;&lt;!--Probable causes:&lt;--&gt;&lt;P ID=&quot;errordesc&quot;&gt;&lt;font style=&quot;font:9pt/12pt verdana; color:black&quot;&gt;
The site you are trying to view does not currently have a default page. It may be in the process of being upgraded and configured.
&lt;P ID=term1&gt;Please try this site again later. If you still experience the problem, try contacting the Web site administrator.

&lt;hr size=1 color=&quot;blue&quot;&gt;

&lt;P ID=message1&gt;If you are the Web site administrator and feel you have received this message in error, please see &amp;quot;Enabling and Disabling Dynamic Content&amp;quot; in IIS Help.

&lt;h5 ID=head1&gt;To access IIS Help&lt;/h5&gt;
&lt;ol&gt;
&lt;li ID=bullet1&gt;Click &lt;b&gt;Start&lt;/b&gt;, and then click &lt;b&gt;Run&lt;/b&gt;.
&lt;li ID=bullet2&gt;In the &lt;b&gt;Open&lt;/b&gt; text box, type &lt;b&gt;inetmgr&lt;/b&gt;. IIS Manager appears.
&lt;li ID=bullet3&gt;From the &lt;b&gt;Help&lt;/b&gt; menu, click &lt;b&gt;Help Topics&lt;/b&gt;.
&lt;li ID=bullet4&gt;Click &lt;b&gt;Internet Information Services&lt;/b&gt;.&lt;/ol&gt;
&lt;/td&gt;
&lt;/tr&gt;
&lt;/table&gt;

&lt;/body&gt;
&lt;/html&gt; ]]></Banner>
</Service>
<Service ServiceName="loc-srv">
<Port>135</Port>
<Protocol>tcp</Protocol>
<Banner><![CDATA[ e1af8308-5d1f-11c9-91a4-08002b14a0fa [Endpoint Mapper - v3.0]
0b0a6584-9e0f-11cf-a3cf-00805f68cb1b [Local Endpoint Mapper - v1.1]
1d55b526-c137-46c5-ab79-638f2a68e869 [DbgIdl - v1.0]
e60c73e6-88f9-11cf-9af1-0020af6e72f4 [ILocalObjectExporter - v2.0]
99fcfec4-5260-101b-bbcb-00aa0021347a [IOXIDResolver - v0.0]
b9e79e60-3d52-11ce-aaa1-00006901293f [IROT - v0.2]
412f241e-c12a-11ce-abff-0020af6e7a17 [ISCM - v0.2]
00000136-0000-0000-c000-000000000046 [ISCMLocalActivator - v0.0]
c6f3ee72-ce7e-11d1-b71e-00c04fc3111a [IMachineActivatorControl - v1.0]
4d9f4ab8-7d1c-11cf-861e-0020af6e7c57 [IRemoteActivation - v0.0]
000001a0-0000-0000-c000-000000000046 [ISystemActivator - v0.0] ]]></Banner>
</Service>
<Service ServiceName="netbios-ns">
<Port>137</Port>
<Protocol>udp</Protocol>
<Banner><![CDATA[ MAC Address: 00:50:56:B3:34:C3
NIC Vendor : VMWare, Inc. ]]></Banner>
</Service>
<Service ServiceName="netbios-ssn">
<Port>139</Port>
<Protocol>tcp</Protocol>
<Banner><![CDATA[]]></Banner>
</Service>
<Service ServiceName="snmp">
<Port>161</Port>
<Protocol>udp</Protocol>
<Banner><![CDATA[ Hardware: x86 Family 6 Model 63 Stepping 2 AT/AT COMPATIBLE - Software: Windows Version 5.2 (Build 3790 Multiprocessor Free) ]]></Banner>
</Service>
<Service ServiceName="microsoft-ds">
<Port>445</Port>
<Protocol>tcp</Protocol>
<Banner><![CDATA[ SMB capabilities flags:
- 0001F3FD
Primary Domain:
- WORKGROUP
Server:
- WEB-GATEWAY01
Native OS:
- Windows Server 2003 3790 Service Pack 2
Native LAN Manager:
- Windows Server 2003 5.2 ]]></Banner>
</Service>
<Service ServiceName="svchost">
<Port>1025</Port>
<Protocol>tcp</Protocol>
<Banner><![CDATA[ 906b0ce0-c70b-1067-b317-00dd010662da [SMTP Service - v1.0] ]]></Banner>
</Service>
<Service ServiceName="ms-term-service">
<Port>3389</Port>
<Protocol>tcp</Protocol>
<Banner><![CDATA[ 03 00 00 13 0E D0 00 00 12 34 00 03 00 08 00 02   .........4......
00 00 00 ** ** ** ** ** ** ** ** ** ** ** ** **   ... ]]></Banner>
</Service>
<Service ServiceName="mstaskremo">
<Port>1026</Port>
<Protocol>tcp</Protocol>
<Banner><![CDATA[ 12345778-1234-abcd-ef00-0123456789ab [LSA access - v0.0]
c681d488-d850-11d0-8c52-00c04fd90f7e [Encrypted File System - v1.0]
11220835-5b26-4d94-ae86-c3e475a809de [Unknown - v1.0]
5cbe92cb-f4be-45c9-9fc9-33e73e557b20 [Unknown - v1.0]
3919286a-b10c-11d0-9ba8-00c04fd92ef5 [LSA DS access - v0.0]
1cbcad78-df0b-4934-b558-87839ea501c9 [Unknown - v0.0]
12345778-1234-abcd-ef00-0123456789ac [SAM access - v1.0]
c9378ff1-16f7-11d0-a0b2-00aa0061426a [Protected Storage - v1.0]
12345678-1234-abcd-ef00-0123456789ab [Spooler service - v1.0] ]]></Banner>
</Service>
<Service ServiceName="vnc-1">
<Port>5901</Port>
<Protocol>tcp</Protocol>
<Banner><![CDATA[ RFB 004.001 ]]></Banner>
</Service>
</ServicesFound>
<VulnsFound>
<Vuln id="445" VulnName="SNMP Default Community Name">
<Risk>6</Risk>
<ServiceName>snmp</ServiceName>
<Port>161</Port>
<Protocol>udp</Protocol>
<Description>A SNMP community name is set to the default value (e.g. public or private).</Description><CVE>CVE-1999-0472</CVE>
</Vuln>
<Vuln id="891" VulnName="VNC Server Detected">
<Risk>0</Risk>
<ServiceName>vnc-1</ServiceName>
<Port>5901</Port>
<Protocol>tcp</Protocol>
<Description>A VNC server has been detected on the host.</Description><CVE>CVE-MAP-NOMATCH</CVE>
</Vuln>
<Vuln id="955" VulnName="Microsoft Windows Terminal Service">
<Risk>0</Risk>
<ServiceName>ms-term-service</ServiceName>
<Port>3389</Port>
<Protocol>tcp</Protocol>
<Description>Microsoft Windows Terminal service has been detected on the target host.</Description><CVE>CVE-MAP-NOMATCH</CVE>
</Vuln>
<Vuln id="4643" VulnName="LSASS RPC Interface Detected">
<Risk>0</Risk>
<ServiceName>loc-srv</ServiceName>
<Port>135</Port>
<Protocol>tcp</Protocol>
<Description>LSASS RPC Interface Detected.</Description></Vuln>
<Vuln id="6860" VulnName="SNMP Server With SNMPv1 Enabled">
<Risk>0</Risk>
<ServiceName>snmp</ServiceName>
<Port>161</Port>
<Protocol>udp</Protocol>
<Description>The target host is running an SNMP server with SNMPv1 enabled.</Description></Vuln>
<Vuln id="6861" VulnName="SNMP Server With SNMPv2 Enabled">
<Risk>0</Risk>
<ServiceName>snmp</ServiceName>
<Port>161</Port>
<Protocol>udp</Protocol>
<Description>The target host is running an SNMP server with SNMPv2 enabled.</Description></Vuln>
<Vuln id="7694" VulnName="SNMP Remote Host General Information">
<Risk>0</Risk>
<ServiceName>snmp</ServiceName>
<Port>161</Port>
<Protocol>udp</Protocol>
<Description>General information about the remote host was obtained via SNMP.</Description></Vuln>
<Vuln id="7720" VulnName="SNMP ARP Table Information">
<Risk>0</Risk>
<ServiceName>snmp</ServiceName>
<Port>161</Port>
<Protocol>udp</Protocol>
<Description>ARP table information was obtained from the SNMP server.</Description></Vuln>
<Vuln id="7721" VulnName="SNMP IP Routing Table Information">
<Risk>0</Risk>
<ServiceName>snmp</ServiceName>
<Port>161</Port>
<Protocol>udp</Protocol>
<Description>SNMP IP routing table information was obtained from the SNMP server.</Description></Vuln>
<Vuln id="7722" VulnName="Installed Software Information Detected Using SNMP">
<Risk>0</Risk>
<ServiceName>snmp</ServiceName>
<Port>161</Port>
<Protocol>udp</Protocol>
<Description>Installed software information was detected on the host via SNMP.</Description></Vuln>
<Vuln id="7783" VulnName="Microsoft Windows IIS ASP.NET Version Detection">
<Risk>0</Risk>
<ServiceName>http</ServiceName>
<Port>80</Port>
<Protocol>tcp</Protocol>
<Description>The server is running the Microsoft Windows IIS ASP.NET service, and the version information was obtained.</Description></Vuln>
<Vuln id="7811" VulnName="SNMP Active SMB Connections Information Disclosure">
<Risk>0</Risk>
<ServiceName>snmp</ServiceName>
<Port>161</Port>
<Protocol>udp</Protocol>
<Description>Active SMB connection information was obtained via SNMP.</Description></Vuln>
<Vuln id="7816" VulnName="SNMP Remote SMB Shares Information Disclosure">
<Risk>0</Risk>
<ServiceName>snmp</ServiceName>
<Port>161</Port>
<Protocol>udp</Protocol>
<Description>SMB shares information was obtained via SNMP.</Description></Vuln>
<Vuln id="7894" VulnName="Microsoft ASP.NET State Service Detected">
<Risk>0</Risk>
<ServiceName>http</ServiceName>
<Port>80</Port>
<Protocol>tcp</Protocol>
<Description>Microsoft ASP.NET State Service was detected on the host.</Description></Vuln>
<Vuln id="7897" VulnName="Microsoft ASP.NET HTTP Handlers Enumeration">
<Risk>0</Risk>
<ServiceName>http</ServiceName>
<Port>80</Port>
<Protocol>tcp</Protocol>
<Description>A list of file extensions handled by the ASP.NET server was obtained.</Description></Vuln>
<Vuln id="8239" VulnName="Microsoft IIS Server Detected">
<Risk>0</Risk>
<ServiceName>http</ServiceName>
<Port>80</Port>
<Protocol>tcp</Protocol>
<Description>Microsoft Internet Information Services (IIS) was detected on the host.</Description></Vuln>
<Vuln id="8323" VulnName="Microsoft IIS NTLM Authentication Disabled">
<Risk>0</Risk>
<ServiceName>http</ServiceName>
<Port>80</Port>
<Protocol>tcp</Protocol>
<Description>Microsoft Internet Information Services (IIS) NTLM Authentication is disabled on the host.</Description></Vuln>
<Vuln id="8342" VulnName="Microsoft IIS Anonymous Access Enabled">
<Risk>0</Risk>
<ServiceName>http</ServiceName>
<Port>80</Port>
<Protocol>tcp</Protocol>
<Description>Microsoft Internet Information Services (IIS) anonymous access is enabled.</Description></Vuln>
<Vuln id="8344" VulnName="Microsoft IIS Basic Authentication Scheme Disabled">
<Risk>0</Risk>
<ServiceName>http</ServiceName>
<Port>80</Port>
<Protocol>tcp</Protocol>
<Description>Microsoft Internet Information Services (IIS) Basic Authentication scheme is disabled on the host.</Description></Vuln>
<Vuln id="8385" VulnName="Microsoft IIS Host Name Setting Enumerated">
<Risk>0</Risk>
<ServiceName>http</ServiceName>
<Port>80</Port>
<Protocol>tcp</Protocol>
<Description>Microsoft Internet Information Services (IIS) "Use Host Header Name" setting is disabled on the host.</Description></Vuln>
<Vuln id="8445" VulnName="Microsoft IIS Server Extensions Enumerated">
<Risk>0</Risk>
<ServiceName>http</ServiceName>
<Port>80</Port>
<Protocol>tcp</Protocol>
<Description>Microsoft Internet Information Services (IIS) extensions were enumerated on the host.</Description></Vuln>
<Vuln id="8489" VulnName="NetBIOS Bindings Information Detected">
<Risk>0</Risk>
<ServiceName>netbios-ns</ServiceName>
<Port>137</Port>
<Protocol>udp</Protocol>
<Description>NetBIOS bindings information was detected on the host.</Description></Vuln>
<Vuln id="8490" VulnName="NetBIOS Names Information Accessible">
<Risk>0</Risk>
<ServiceName>netbios-ns</ServiceName>
<Port>137</Port>
<Protocol>udp</Protocol>
<Description>Microsoft NetBIOS names information was detected on the host.</Description></Vuln>
<Vuln id="8628" VulnName="SNMP Printers State Information Detected">
<Risk>0</Risk>
<ServiceName>snmp</ServiceName>
<Port>161</Port>
<Protocol>udp</Protocol>
<Description>Printers state information was obtained through the Simple Network Management Protocol (SNMP) service.</Description></Vuln>
<Vuln id="8629" VulnName="SNMP  Active UDP Sockets Information Detected">
<Risk>0</Risk>
<ServiceName>snmp</ServiceName>
<Port>161</Port>
<Protocol>udp</Protocol>
<Description>Active UDP socket information was obtained from the host through the Simple Network Management Protocol (SNMP) service.</Description></Vuln>
<Vuln id="8635" VulnName="SNMP Active TCP Sockets Information Detected">
<Risk>0</Risk>
<ServiceName>snmp</ServiceName>
<Port>161</Port>
<Protocol>udp</Protocol>
<Description>Active TCP sockets information was obtained from the host through the Simple Network Management Protocol (SNMP) service.</Description></Vuln>
<Vuln id="8641" VulnName="SNMP  Established TCP Connection Information Detected">
<Risk>0</Risk>
<ServiceName>snmp</ServiceName>
<Port>161</Port>
<Protocol>udp</Protocol>
<Description>Established TCP connection information was obtained from the host through the Simple Network Management Protocol (SNMP) service.</Description></Vuln>
<Vuln id="8645" VulnName="SNMP Process Table Information Detected">
<Risk>0</Risk>
<ServiceName>snmp</ServiceName>
<Port>161</Port>
<Protocol>udp</Protocol>
<Description>Process table information was obtained through the Simple Network Management Protocol (SNMP) service.</Description></Vuln>
<Vuln id="8647" VulnName="SNMP  IP Address Table Information Detected">
<Risk>0</Risk>
<ServiceName>snmp</ServiceName>
<Port>161</Port>
<Protocol>udp</Protocol>
<Description>IP address table information was obtained from the host through the Simple Network Management Protocol (SNMP) service.</Description></Vuln>
<Vuln id="8648" VulnName="SNMP LanManager Service Information Detected">
<Risk>0</Risk>
<ServiceName>snmp</ServiceName>
<Port>161</Port>
<Protocol>udp</Protocol>
<Description>LAN Manager service table information was obtained from the host through the Simple Network Management Protocol (SNMP) service.</Description></Vuln>
<Vuln id="8649" VulnName="SNMP Partition Table Information Detected">
<Risk>0</Risk>
<ServiceName>snmp</ServiceName>
<Port>161</Port>
<Protocol>udp</Protocol>
<Description>Partition table information was obtained through the Simple Network Management Protocol (SNMP) service.</Description></Vuln>
<Vuln id="8655" VulnName="SNMP Device List Detected">
<Risk>0</Risk>
<ServiceName>snmp</ServiceName>
<Port>161</Port>
<Protocol>udp</Protocol>
<Description>Information about available server devices on the host was obtained through the Simple Network Management Protocol (SNMP) service.</Description></Vuln>
<Vuln id="8659" VulnName="SNMP Storage Devices Detected">
<Risk>0</Risk>
<ServiceName>snmp</ServiceName>
<Port>161</Port>
<Protocol>udp</Protocol>
<Description>Information about available storage devices on the host was obtained through the Simple Network Management Protocol (SNMP) service.</Description></Vuln>
<Vuln id="8673" VulnName="SNMP Microsoft Windows Logon Users Detected">
<Risk>0</Risk>
<ServiceName>snmp</ServiceName>
<Port>161</Port>
<Protocol>udp</Protocol>
<Description>Microsoft Windows users information was obtained through the Simple Network Management Protocol (SNMP) service.</Description></Vuln>
<Vuln id="8687" VulnName="SNMP Network Interface List Detected">
<Risk>0</Risk>
<ServiceName>snmp</ServiceName>
<Port>161</Port>
<Protocol>udp</Protocol>
<Description>Network interface list configured on the host was obtained through SNMP.</Description></Vuln>
<Vuln id="8694" VulnName="SNMP CPU List Information Detected">
<Risk>0</Risk>
<ServiceName>snmp</ServiceName>
<Port>161</Port>
<Protocol>udp</Protocol>
<Description>CPU information was obtained from the host through SNMP service.</Description></Vuln>
<Vuln id="8700" VulnName="SNMP Network Information Detected">
<Risk>0</Risk>
<ServiceName>snmp</ServiceName>
<Port>161</Port>
<Protocol>udp</Protocol>
<Description>Network information was obtained from the host through SNMP service.</Description></Vuln>
<Vuln id="8715" VulnName="SNMP Other NT Domains Information Detected">
<Risk>0</Risk>
<ServiceName>snmp</ServiceName>
<Port>161</Port>
<Protocol>udp</Protocol>
<Description>NT Domain information was obtained from the host through the SNMP service.</Description></Vuln>
<Vuln id="11192" VulnName="Microsoft Remote Procedure Call Service Detected">
<Risk>0</Risk>
<ServiceName>loc-srv</ServiceName>
<Port>135</Port>
<Protocol>tcp</Protocol>
<Description>Microsoft Remote Procedure Call Service was detected on the host.</Description></Vuln>
<Vuln id="11218" VulnName="Web Server HTTP Protocol Version Detected">
<Risk>0</Risk>
<ServiceName>http</ServiceName>
<Port>80</Port>
<Protocol>tcp</Protocol>
<Description>HTTP protocol version was obtained from the host through web server.</Description></Vuln>
<Vuln id="13017" VulnName="NetBIOS Null Session Enabled">
<Risk>0</Risk>
<ServiceName>microsoft-ds</ServiceName>
<Port>445</Port>
<Protocol>tcp</Protocol>
<Description>NetBIOS Null sessions are enabled on the host.</Description></Vuln>
<Vuln id="13846" VulnName="Microsoft IIS Tilde Character Short File Name Disclosure (142982)">
<Risk>3</Risk>
<ServiceName>http</ServiceName>
<Port>80</Port>
<Protocol>tcp</Protocol>
<Description>There is an information disclosure vulnerability present in some versions of Microsoft IIS.
</Description></Vuln>
</VulnsFound>
<AddressesFound>
<Address IPDword="00000000000000000000FFFF0A012CD8" IPAddress="10.1.44.216" />
</AddressesFound>
</Host>
</HostData>
</ROOT>
