<?xml version="1.0" encoding="UTF-8"?>
<ROOT xmlns:rsd="urn:www.mcafee.com:foundstone:reportsectiondescription">
<ReportInfo CreationDate="2018-05-04 04:53:36 UTC" ReportType="Risk Data" />
<Jobs JobID="117" ScanName="BD_quetTT1_sang_040518_1" ScanType="Internal" StartTime="2018-05-04 04:30:00 UTC" EndTime="2018-05-04 04:53:31 UTC" TestJob="0" />
<Vulnerability>
<Vuln FaultlineID="445" VulnName="SNMP Default Community Name">
<Risk>6</Risk>
<Description>A SNMP community name is set to the default value (e.g. public or private).</Description><Observation>SNMP (Simple Network Management Protocol) is a standard for internetwork management. 

A SNMP agent is running with a known default community string. Community strings act as passwords that allow user access to the system. Using a known default community string, attackers may gain valuable information about the system and networks. If the community string allows write privileges, the attacker can make modifications to the system.
</Observation><Recommendation>Disable the SNMP service, modify the agent to only accept packets from individual, trusted hosts, or change the community string to something else other than a known default.
------

To disable SNMP on Windows 2000/XP/2003:

1. Right-click My Computer and select Manage. 
2. Click Services and Applications, then select Services. 
3. Locate SNMP on the list of services, then select it and click Stop. 
4. Click Startup, and then click Disabled. 
5. Click OK to close the dialogue.
6. Close the Computer Management window. 

To modify SNMP on Windows 2000/XP/2003 to only accept packets from individual hosts:

1. Right-click My Computer and select Manage. 
2. Click Services and Applications, then select Services. 
3. Locate SNMP on the list of services, then double-click to get its properties.
4. Click the Security tab.
5. A community string should exist.
6. Make sure the 'Only Accept SNMP Packets from these hosts' option is selected. On Windows 2003, this is option is labeled 'Accept SNMP Packets from these hosts'. Add hosts as needed, then click Apply.

To modify SNMP on Windows NT to only accept packets from individual hosts:

1. Go to Start, Settings, Control Panel then select Network.
2. Click the Services tab and select SNMP Service.
3. Click Properties to display the SNMP Properties dialog box.
4. Click the Security tab.
5. A community string should exist
6. The Only Accept SNMP Packets from These Hosts option is selected
7. Make changes in the Registry if need be.

To disable SNMP on Windows NT: Uninstall the SNMP Protocol.

For UNIX:

Unix systems SNMP services are usually provided by a process called snmpd, which runs continuously. Modifying your system startup scripts should disable it. The read/write community string can be changed by editing /etc/snmp/conf/snmpd.conf.


For other platforms running SNMP, consult your vendor on how to disable SNMP default community strings.


Reference:
Microsoft Knowledge Base Article Q99880
http://support.microsoft.com/default.aspx?scid=kb;en-us;Q99880</Recommendation><CVE>CVE-1999-0472</CVE>
<Host AssetLabel="" IPDword="00000000000000000000FFFF0A012CD8" IPAddress="10.1.44.216" OSName="Windows Server 2003 (Service Pack 2)" DNSName="" NBName="WEB-GATEWAY01" NBWorkGroupName="WORKGROUP">
<Service ServiceName="ftp" Port="21" Protocol="tcp" />
<Service ServiceName="http" Port="80" Protocol="tcp" />
<Service ServiceName="loc-srv" Port="135" Protocol="tcp" />
<Service ServiceName="netbios-ns" Port="137" Protocol="udp" />
<Service ServiceName="netbios-ssn" Port="139" Protocol="tcp" />
<Service ServiceName="snmp" Port="161" Protocol="udp" />
<Service ServiceName="microsoft-ds" Port="445" Protocol="tcp" />
<Service ServiceName="svchost" Port="1025" Protocol="tcp" />
<Service ServiceName="ms-term-service" Port="3389" Protocol="tcp" />
<Service ServiceName="mstaskremo" Port="1026" Protocol="tcp" />
<Service ServiceName="vnc-1" Port="5901" Protocol="tcp" />
</Host>
</Vuln>
<Vuln FaultlineID="891" VulnName="VNC Server Detected">
<Risk>0</Risk>
<Description>A VNC server has been detected on the host.</Description><Observation>An open VNC connection will allow an attacker to obtain sensitive information about the host and possibly gain access to the system.</Observation><Recommendation>A VNC Server application was detected. The affected system should be examined to determine which VNC application is installed. Once determined, it should be removed unless being used for legitimate business purposes.  

To uninstall VNC for Windows NT/2000/XP:
-----

To uninstall using the Add/Remove Programs control panel:

1. Go to the Start menu, select Settings and then Control Panel.

2. Double-click the Add/Remove Programs icon.

3. Select VNC.

4. Click the Add/Remove button.</Recommendation><CVE>CVE-MAP-NOMATCH</CVE>
<Host AssetLabel="" IPDword="00000000000000000000FFFF0A012CD8" IPAddress="10.1.44.216" OSName="Windows Server 2003 (Service Pack 2)" DNSName="" NBName="WEB-GATEWAY01" NBWorkGroupName="WORKGROUP">
<Service ServiceName="ftp" Port="21" Protocol="tcp" />
<Service ServiceName="http" Port="80" Protocol="tcp" />
<Service ServiceName="loc-srv" Port="135" Protocol="tcp" />
<Service ServiceName="netbios-ns" Port="137" Protocol="udp" />
<Service ServiceName="netbios-ssn" Port="139" Protocol="tcp" />
<Service ServiceName="snmp" Port="161" Protocol="udp" />
<Service ServiceName="microsoft-ds" Port="445" Protocol="tcp" />
<Service ServiceName="svchost" Port="1025" Protocol="tcp" />
<Service ServiceName="ms-term-service" Port="3389" Protocol="tcp" />
<Service ServiceName="mstaskremo" Port="1026" Protocol="tcp" />
<Service ServiceName="vnc-1" Port="5901" Protocol="tcp" />
</Host>
</Vuln>
<Vuln FaultlineID="955" VulnName="Microsoft Windows Terminal Service">
<Risk>0</Risk>
<Description>Microsoft Windows Terminal service has been detected on the target host.</Description><Observation>Terminal Services allows the remote, full-access administration of any server running Microsoft Windows. This service is optional, and can be disabled at any time.  

If an attacker gains a valid username and password, he can use this service to gain further access on the remote host.

Windows XP uses Terminal Services to provide additional functionality such as Fast User Switch, and Remote Assistance.

Vulnerable Systems:

Microsoft Windows 2000, NT, XP, 2003</Observation><Recommendation>Disable Terminal Services if not in use. Ensure that account policies for Terminal Server users is as restrictive as possible.  

To disable Terminal Services:

For Windows 2000 and NT

1. Click Start &gt; Settings &gt; Control Panel.
2. Double click Add/Remove programs.
3. In the Add/Remove programs window, click Add/Remove Windows Components.
4. Scroll down and click Terminal Services.  Then click Next twice to remove it.</Recommendation><CVE>CVE-MAP-NOMATCH</CVE>
<Host AssetLabel="" IPDword="00000000000000000000FFFF0A012CD8" IPAddress="10.1.44.216" OSName="Windows Server 2003 (Service Pack 2)" DNSName="" NBName="WEB-GATEWAY01" NBWorkGroupName="WORKGROUP">
<Service ServiceName="ftp" Port="21" Protocol="tcp" />
<Service ServiceName="http" Port="80" Protocol="tcp" />
<Service ServiceName="loc-srv" Port="135" Protocol="tcp" />
<Service ServiceName="netbios-ns" Port="137" Protocol="udp" />
<Service ServiceName="netbios-ssn" Port="139" Protocol="tcp" />
<Service ServiceName="snmp" Port="161" Protocol="udp" />
<Service ServiceName="microsoft-ds" Port="445" Protocol="tcp" />
<Service ServiceName="svchost" Port="1025" Protocol="tcp" />
<Service ServiceName="ms-term-service" Port="3389" Protocol="tcp" />
<Service ServiceName="mstaskremo" Port="1026" Protocol="tcp" />
<Service ServiceName="vnc-1" Port="5901" Protocol="tcp" />
</Host>
</Vuln>
<Vuln FaultlineID="4643" VulnName="LSASS RPC Interface Detected">
<Risk>0</Risk>
<Description>LSASS RPC Interface Detected.</Description><Observation>LSASS RPC Interface Detected.</Observation><Recommendation>It is recommended to block the following ports at the network perimeter: 135/TCP,UDP,137/UDP, 138/TCP,UDP, 139/TCP,UDP, 445/TCP,UDP, 593/TCP, 1025/TCP,
1026/TCP.</Recommendation><Host AssetLabel="" IPDword="00000000000000000000FFFF0A012CD8" IPAddress="10.1.44.216" OSName="Windows Server 2003 (Service Pack 2)" DNSName="" NBName="WEB-GATEWAY01" NBWorkGroupName="WORKGROUP">
<Service ServiceName="ftp" Port="21" Protocol="tcp" />
<Service ServiceName="http" Port="80" Protocol="tcp" />
<Service ServiceName="loc-srv" Port="135" Protocol="tcp" />
<Service ServiceName="netbios-ns" Port="137" Protocol="udp" />
<Service ServiceName="netbios-ssn" Port="139" Protocol="tcp" />
<Service ServiceName="snmp" Port="161" Protocol="udp" />
<Service ServiceName="microsoft-ds" Port="445" Protocol="tcp" />
<Service ServiceName="svchost" Port="1025" Protocol="tcp" />
<Service ServiceName="ms-term-service" Port="3389" Protocol="tcp" />
<Service ServiceName="mstaskremo" Port="1026" Protocol="tcp" />
<Service ServiceName="vnc-1" Port="5901" Protocol="tcp" />
</Host>
</Vuln>
<Vuln FaultlineID="6860" VulnName="SNMP Server With SNMPv1 Enabled">
<Risk>0</Risk>
<Description>The target host is running an SNMP server with SNMPv1 enabled.</Description><Observation>Simple Network Management Protocol (SNMP) is used in network management systems to monitor network-attached devices.

The target host is running an SNMP server with SNMPv1 enabled. SNMPv1 is an insecure protocol.</Observation><Recommendation>Ensure that the SNMP server with SNMPv1 protocol enabled complies with enterprise policy.

Disable or remove the insecure service if it is not necessary for the business. If running the insecure service is necessary, make sure that the risk posed by use of this protocol is justified, documented and accepted by the organization.
</Recommendation><Host AssetLabel="" IPDword="00000000000000000000FFFF0A012CD8" IPAddress="10.1.44.216" OSName="Windows Server 2003 (Service Pack 2)" DNSName="" NBName="WEB-GATEWAY01" NBWorkGroupName="WORKGROUP">
<Service ServiceName="ftp" Port="21" Protocol="tcp" />
<Service ServiceName="http" Port="80" Protocol="tcp" />
<Service ServiceName="loc-srv" Port="135" Protocol="tcp" />
<Service ServiceName="netbios-ns" Port="137" Protocol="udp" />
<Service ServiceName="netbios-ssn" Port="139" Protocol="tcp" />
<Service ServiceName="snmp" Port="161" Protocol="udp" />
<Service ServiceName="microsoft-ds" Port="445" Protocol="tcp" />
<Service ServiceName="svchost" Port="1025" Protocol="tcp" />
<Service ServiceName="ms-term-service" Port="3389" Protocol="tcp" />
<Service ServiceName="mstaskremo" Port="1026" Protocol="tcp" />
<Service ServiceName="vnc-1" Port="5901" Protocol="tcp" />
</Host>
</Vuln>
<Vuln FaultlineID="6861" VulnName="SNMP Server With SNMPv2 Enabled">
<Risk>0</Risk>
<Description>The target host is running an SNMP server with SNMPv2 enabled.</Description><Observation>Simple Network Management Protocol (SNMP) is used in network management systems to monitor network-attached devices.

The target host is running an SNMP server with SNMPv2 enabled. SNMPv2 is an insecure protocol.</Observation><Recommendation>Ensure that the SNMP server with SNMPv2 enabled complies with enterprise policy.

Disable or remove the insecure service if it is not necessary for the business. If running the insecure service is necessary, make sure that the risk posed by use of this protocol is justified, documented and accepted by the organization.</Recommendation><Host AssetLabel="" IPDword="00000000000000000000FFFF0A012CD8" IPAddress="10.1.44.216" OSName="Windows Server 2003 (Service Pack 2)" DNSName="" NBName="WEB-GATEWAY01" NBWorkGroupName="WORKGROUP">
<Service ServiceName="ftp" Port="21" Protocol="tcp" />
<Service ServiceName="http" Port="80" Protocol="tcp" />
<Service ServiceName="loc-srv" Port="135" Protocol="tcp" />
<Service ServiceName="netbios-ns" Port="137" Protocol="udp" />
<Service ServiceName="netbios-ssn" Port="139" Protocol="tcp" />
<Service ServiceName="snmp" Port="161" Protocol="udp" />
<Service ServiceName="microsoft-ds" Port="445" Protocol="tcp" />
<Service ServiceName="svchost" Port="1025" Protocol="tcp" />
<Service ServiceName="ms-term-service" Port="3389" Protocol="tcp" />
<Service ServiceName="mstaskremo" Port="1026" Protocol="tcp" />
<Service ServiceName="vnc-1" Port="5901" Protocol="tcp" />
</Host>
</Vuln>
<Vuln FaultlineID="7694" VulnName="SNMP Remote Host General Information">
<Risk>0</Risk>
<Description>General information about the remote host was obtained via SNMP.</Description><Observation>Simple Network Management Protocol (SNMP) is a UDP-based network protocol.  SNMP is used to remotely monitor and administer devices with a network interface.

General information about the remote host was obtained via SNMP.</Observation><Recommendation>Ensure that the SNMP server on the host is compliant with policy.</Recommendation><Host AssetLabel="" IPDword="00000000000000000000FFFF0A012CD8" IPAddress="10.1.44.216" OSName="Windows Server 2003 (Service Pack 2)" DNSName="" NBName="WEB-GATEWAY01" NBWorkGroupName="WORKGROUP">
<Service ServiceName="ftp" Port="21" Protocol="tcp" />
<Service ServiceName="http" Port="80" Protocol="tcp" />
<Service ServiceName="loc-srv" Port="135" Protocol="tcp" />
<Service ServiceName="netbios-ns" Port="137" Protocol="udp" />
<Service ServiceName="netbios-ssn" Port="139" Protocol="tcp" />
<Service ServiceName="snmp" Port="161" Protocol="udp" />
<Service ServiceName="microsoft-ds" Port="445" Protocol="tcp" />
<Service ServiceName="svchost" Port="1025" Protocol="tcp" />
<Service ServiceName="ms-term-service" Port="3389" Protocol="tcp" />
<Service ServiceName="mstaskremo" Port="1026" Protocol="tcp" />
<Service ServiceName="vnc-1" Port="5901" Protocol="tcp" />
</Host>
</Vuln>
<Vuln FaultlineID="7720" VulnName="SNMP ARP Table Information">
<Risk>0</Risk>
<Description>ARP table information was obtained from the SNMP server.</Description><Observation>Simple Network Management Protocol (SNMP) is a UDP-based network protocol. SNMP is used to remotely monitor and administer devices with a network interface.

ARP table information was obtained from the SNMP server.</Observation><Recommendation>Ensure that the SNMP server is compliant with policy.</Recommendation><Host AssetLabel="" IPDword="00000000000000000000FFFF0A012CD8" IPAddress="10.1.44.216" OSName="Windows Server 2003 (Service Pack 2)" DNSName="" NBName="WEB-GATEWAY01" NBWorkGroupName="WORKGROUP">
<Service ServiceName="ftp" Port="21" Protocol="tcp" />
<Service ServiceName="http" Port="80" Protocol="tcp" />
<Service ServiceName="loc-srv" Port="135" Protocol="tcp" />
<Service ServiceName="netbios-ns" Port="137" Protocol="udp" />
<Service ServiceName="netbios-ssn" Port="139" Protocol="tcp" />
<Service ServiceName="snmp" Port="161" Protocol="udp" />
<Service ServiceName="microsoft-ds" Port="445" Protocol="tcp" />
<Service ServiceName="svchost" Port="1025" Protocol="tcp" />
<Service ServiceName="ms-term-service" Port="3389" Protocol="tcp" />
<Service ServiceName="mstaskremo" Port="1026" Protocol="tcp" />
<Service ServiceName="vnc-1" Port="5901" Protocol="tcp" />
</Host>
</Vuln>
<Vuln FaultlineID="7721" VulnName="SNMP IP Routing Table Information">
<Risk>0</Risk>
<Description>SNMP IP routing table information was obtained from the SNMP server.</Description><Observation>Simple Network Management Protocol (SNMP) is a UDP-based network protocol.  SNMP is used to remotely monitor and administer devices with a network interface. 

SNMP IP routing table information was obtained from the SNMP server.</Observation><Recommendation>Ensure that the SNMP server is compliant with policy.</Recommendation><Host AssetLabel="" IPDword="00000000000000000000FFFF0A012CD8" IPAddress="10.1.44.216" OSName="Windows Server 2003 (Service Pack 2)" DNSName="" NBName="WEB-GATEWAY01" NBWorkGroupName="WORKGROUP">
<Service ServiceName="ftp" Port="21" Protocol="tcp" />
<Service ServiceName="http" Port="80" Protocol="tcp" />
<Service ServiceName="loc-srv" Port="135" Protocol="tcp" />
<Service ServiceName="netbios-ns" Port="137" Protocol="udp" />
<Service ServiceName="netbios-ssn" Port="139" Protocol="tcp" />
<Service ServiceName="snmp" Port="161" Protocol="udp" />
<Service ServiceName="microsoft-ds" Port="445" Protocol="tcp" />
<Service ServiceName="svchost" Port="1025" Protocol="tcp" />
<Service ServiceName="ms-term-service" Port="3389" Protocol="tcp" />
<Service ServiceName="mstaskremo" Port="1026" Protocol="tcp" />
<Service ServiceName="vnc-1" Port="5901" Protocol="tcp" />
</Host>
</Vuln>
<Vuln FaultlineID="7722" VulnName="Installed Software Information Detected Using SNMP">
<Risk>0</Risk>
<Description>Installed software information was detected on the host via SNMP.</Description><Observation>Simple Network Management Protocol (SNMP) is a UDP-based network protocol. SNMP is used to remotely monitor and administer devices with a network interface.

Installed software information was detected on the host via SNMP.</Observation><Recommendation>Ensure that SNMP service complies with corporate policy.</Recommendation><Host AssetLabel="" IPDword="00000000000000000000FFFF0A012CD8" IPAddress="10.1.44.216" OSName="Windows Server 2003 (Service Pack 2)" DNSName="" NBName="WEB-GATEWAY01" NBWorkGroupName="WORKGROUP">
<Service ServiceName="ftp" Port="21" Protocol="tcp" />
<Service ServiceName="http" Port="80" Protocol="tcp" />
<Service ServiceName="loc-srv" Port="135" Protocol="tcp" />
<Service ServiceName="netbios-ns" Port="137" Protocol="udp" />
<Service ServiceName="netbios-ssn" Port="139" Protocol="tcp" />
<Service ServiceName="snmp" Port="161" Protocol="udp" />
<Service ServiceName="microsoft-ds" Port="445" Protocol="tcp" />
<Service ServiceName="svchost" Port="1025" Protocol="tcp" />
<Service ServiceName="ms-term-service" Port="3389" Protocol="tcp" />
<Service ServiceName="mstaskremo" Port="1026" Protocol="tcp" />
<Service ServiceName="vnc-1" Port="5901" Protocol="tcp" />
</Host>
</Vuln>
<Vuln FaultlineID="7783" VulnName="Microsoft Windows IIS ASP.NET Version Detection">
<Risk>0</Risk>
<Description>The server is running the Microsoft Windows IIS ASP.NET service, and the version information was obtained.</Description><Observation>Microsoft IIS ASP.NET is a software service for applications designed to run under Microsoft Windows.

The server is running the Microsoft Windows IIS ASP.NET service, and the version information was obtained.</Observation><Recommendation>Ensure that the ASP.NET service is allowed to be running on the host.</Recommendation><Host AssetLabel="" IPDword="00000000000000000000FFFF0A012CD8" IPAddress="10.1.44.216" OSName="Windows Server 2003 (Service Pack 2)" DNSName="" NBName="WEB-GATEWAY01" NBWorkGroupName="WORKGROUP">
<Service ServiceName="ftp" Port="21" Protocol="tcp" />
<Service ServiceName="http" Port="80" Protocol="tcp" />
<Service ServiceName="loc-srv" Port="135" Protocol="tcp" />
<Service ServiceName="netbios-ns" Port="137" Protocol="udp" />
<Service ServiceName="netbios-ssn" Port="139" Protocol="tcp" />
<Service ServiceName="snmp" Port="161" Protocol="udp" />
<Service ServiceName="microsoft-ds" Port="445" Protocol="tcp" />
<Service ServiceName="svchost" Port="1025" Protocol="tcp" />
<Service ServiceName="ms-term-service" Port="3389" Protocol="tcp" />
<Service ServiceName="mstaskremo" Port="1026" Protocol="tcp" />
<Service ServiceName="vnc-1" Port="5901" Protocol="tcp" />
</Host>
</Vuln>
<Vuln FaultlineID="7811" VulnName="SNMP Active SMB Connections Information Disclosure">
<Risk>0</Risk>
<Description>Active SMB connection information was obtained via SNMP.</Description><Observation>Simple Network Management Protocol (SNMP) is a UDP-based network protocol. SNMP is used to remotely monitor and administer devices with a network interface.

Active SMB connection information was obtained via SNMP.</Observation><Recommendation>Ensure that SNMP service complies with corporate policy.</Recommendation><Host AssetLabel="" IPDword="00000000000000000000FFFF0A012CD8" IPAddress="10.1.44.216" OSName="Windows Server 2003 (Service Pack 2)" DNSName="" NBName="WEB-GATEWAY01" NBWorkGroupName="WORKGROUP">
<Service ServiceName="ftp" Port="21" Protocol="tcp" />
<Service ServiceName="http" Port="80" Protocol="tcp" />
<Service ServiceName="loc-srv" Port="135" Protocol="tcp" />
<Service ServiceName="netbios-ns" Port="137" Protocol="udp" />
<Service ServiceName="netbios-ssn" Port="139" Protocol="tcp" />
<Service ServiceName="snmp" Port="161" Protocol="udp" />
<Service ServiceName="microsoft-ds" Port="445" Protocol="tcp" />
<Service ServiceName="svchost" Port="1025" Protocol="tcp" />
<Service ServiceName="ms-term-service" Port="3389" Protocol="tcp" />
<Service ServiceName="mstaskremo" Port="1026" Protocol="tcp" />
<Service ServiceName="vnc-1" Port="5901" Protocol="tcp" />
</Host>
</Vuln>
<Vuln FaultlineID="7816" VulnName="SNMP Remote SMB Shares Information Disclosure">
<Risk>0</Risk>
<Description>SMB shares information was obtained via SNMP.</Description><Observation>Simple Network Management Protocol (SNMP) is a UDP-based network protocol. SNMP is used to remotely monitor and administer devices with a network interface.

SMB shares information was obtained via SNMP.
</Observation><Recommendation>Ensure that SNMP service complies with corporate policy.</Recommendation><Host AssetLabel="" IPDword="00000000000000000000FFFF0A012CD8" IPAddress="10.1.44.216" OSName="Windows Server 2003 (Service Pack 2)" DNSName="" NBName="WEB-GATEWAY01" NBWorkGroupName="WORKGROUP">
<Service ServiceName="ftp" Port="21" Protocol="tcp" />
<Service ServiceName="http" Port="80" Protocol="tcp" />
<Service ServiceName="loc-srv" Port="135" Protocol="tcp" />
<Service ServiceName="netbios-ns" Port="137" Protocol="udp" />
<Service ServiceName="netbios-ssn" Port="139" Protocol="tcp" />
<Service ServiceName="snmp" Port="161" Protocol="udp" />
<Service ServiceName="microsoft-ds" Port="445" Protocol="tcp" />
<Service ServiceName="svchost" Port="1025" Protocol="tcp" />
<Service ServiceName="ms-term-service" Port="3389" Protocol="tcp" />
<Service ServiceName="mstaskremo" Port="1026" Protocol="tcp" />
<Service ServiceName="vnc-1" Port="5901" Protocol="tcp" />
</Host>
</Vuln>
<Vuln FaultlineID="7894" VulnName="Microsoft ASP.NET State Service Detected">
<Risk>0</Risk>
<Description>Microsoft ASP.NET State Service was detected on the host.</Description><Observation>The Microsoft ASP.NET State Service is used to manage session state on computer. 

Microsoft ASP.NET State Service was detected on the host.</Observation><Recommendation>Ensure that Microsoft ASP.NET State service complies with corporate policy.</Recommendation><Host AssetLabel="" IPDword="00000000000000000000FFFF0A012CD8" IPAddress="10.1.44.216" OSName="Windows Server 2003 (Service Pack 2)" DNSName="" NBName="WEB-GATEWAY01" NBWorkGroupName="WORKGROUP">
<Service ServiceName="ftp" Port="21" Protocol="tcp" />
<Service ServiceName="http" Port="80" Protocol="tcp" />
<Service ServiceName="loc-srv" Port="135" Protocol="tcp" />
<Service ServiceName="netbios-ns" Port="137" Protocol="udp" />
<Service ServiceName="netbios-ssn" Port="139" Protocol="tcp" />
<Service ServiceName="snmp" Port="161" Protocol="udp" />
<Service ServiceName="microsoft-ds" Port="445" Protocol="tcp" />
<Service ServiceName="svchost" Port="1025" Protocol="tcp" />
<Service ServiceName="ms-term-service" Port="3389" Protocol="tcp" />
<Service ServiceName="mstaskremo" Port="1026" Protocol="tcp" />
<Service ServiceName="vnc-1" Port="5901" Protocol="tcp" />
</Host>
</Vuln>
<Vuln FaultlineID="7897" VulnName="Microsoft ASP.NET HTTP Handlers Enumeration">
<Risk>0</Risk>
<Description>A list of file extensions handled by the ASP.NET server was obtained.</Description><Observation>Microsoft .NET is a Software Framework for applications designed to run under Microsoft Windows. HTTP handlers in ASP .NET are used for processing different kinds of file types(file extensions).

A list of file extensions handled by the ASP.NET server was obtained.</Observation><Recommendation>Ensure that the list of file extension handlers found on the ASP.NET server is allowed by policy.</Recommendation><Host AssetLabel="" IPDword="00000000000000000000FFFF0A012CD8" IPAddress="10.1.44.216" OSName="Windows Server 2003 (Service Pack 2)" DNSName="" NBName="WEB-GATEWAY01" NBWorkGroupName="WORKGROUP">
<Service ServiceName="ftp" Port="21" Protocol="tcp" />
<Service ServiceName="http" Port="80" Protocol="tcp" />
<Service ServiceName="loc-srv" Port="135" Protocol="tcp" />
<Service ServiceName="netbios-ns" Port="137" Protocol="udp" />
<Service ServiceName="netbios-ssn" Port="139" Protocol="tcp" />
<Service ServiceName="snmp" Port="161" Protocol="udp" />
<Service ServiceName="microsoft-ds" Port="445" Protocol="tcp" />
<Service ServiceName="svchost" Port="1025" Protocol="tcp" />
<Service ServiceName="ms-term-service" Port="3389" Protocol="tcp" />
<Service ServiceName="mstaskremo" Port="1026" Protocol="tcp" />
<Service ServiceName="vnc-1" Port="5901" Protocol="tcp" />
</Host>
</Vuln>
<Vuln FaultlineID="8239" VulnName="Microsoft IIS Server Detected">
<Risk>0</Risk>
<Description>Microsoft Internet Information Services (IIS) was detected on the host.</Description><Observation>Microsoft Internet Information Services (IIS) is a popular web server for the Windows platform.

Microsoft IIS was detected on the host.</Observation><Recommendation>Ensure that Microsoft IIS complies with the corporate policy.

Note: Conceal the IIS Server status by modifying the banner.</Recommendation><Host AssetLabel="" IPDword="00000000000000000000FFFF0A012CD8" IPAddress="10.1.44.216" OSName="Windows Server 2003 (Service Pack 2)" DNSName="" NBName="WEB-GATEWAY01" NBWorkGroupName="WORKGROUP">
<Service ServiceName="ftp" Port="21" Protocol="tcp" />
<Service ServiceName="http" Port="80" Protocol="tcp" />
<Service ServiceName="loc-srv" Port="135" Protocol="tcp" />
<Service ServiceName="netbios-ns" Port="137" Protocol="udp" />
<Service ServiceName="netbios-ssn" Port="139" Protocol="tcp" />
<Service ServiceName="snmp" Port="161" Protocol="udp" />
<Service ServiceName="microsoft-ds" Port="445" Protocol="tcp" />
<Service ServiceName="svchost" Port="1025" Protocol="tcp" />
<Service ServiceName="ms-term-service" Port="3389" Protocol="tcp" />
<Service ServiceName="mstaskremo" Port="1026" Protocol="tcp" />
<Service ServiceName="vnc-1" Port="5901" Protocol="tcp" />
</Host>
</Vuln>
<Vuln FaultlineID="8323" VulnName="Microsoft IIS NTLM Authentication Disabled">
<Risk>0</Risk>
<Description>Microsoft Internet Information Services (IIS) NTLM Authentication is disabled on the host.</Description><Observation>Microsoft Internet Information Services (IIS) is a popular web server for the Windows platform.

Microsoft IIS NTLM Authentication is disabled on the host.</Observation><Recommendation>Ensure that Microsoft IIS complies with the corporate policy.

Note: It is advised to enforce NTLM authentication for Microsoft IIS.</Recommendation><Host AssetLabel="" IPDword="00000000000000000000FFFF0A012CD8" IPAddress="10.1.44.216" OSName="Windows Server 2003 (Service Pack 2)" DNSName="" NBName="WEB-GATEWAY01" NBWorkGroupName="WORKGROUP">
<Service ServiceName="ftp" Port="21" Protocol="tcp" />
<Service ServiceName="http" Port="80" Protocol="tcp" />
<Service ServiceName="loc-srv" Port="135" Protocol="tcp" />
<Service ServiceName="netbios-ns" Port="137" Protocol="udp" />
<Service ServiceName="netbios-ssn" Port="139" Protocol="tcp" />
<Service ServiceName="snmp" Port="161" Protocol="udp" />
<Service ServiceName="microsoft-ds" Port="445" Protocol="tcp" />
<Service ServiceName="svchost" Port="1025" Protocol="tcp" />
<Service ServiceName="ms-term-service" Port="3389" Protocol="tcp" />
<Service ServiceName="mstaskremo" Port="1026" Protocol="tcp" />
<Service ServiceName="vnc-1" Port="5901" Protocol="tcp" />
</Host>
</Vuln>
<Vuln FaultlineID="8342" VulnName="Microsoft IIS Anonymous Access Enabled">
<Risk>0</Risk>
<Description>Microsoft Internet Information Services (IIS) anonymous access is enabled.</Description><Observation>Microsoft Internet Information Services (IIS) is a popular web server for the Windows platform.

Microsoft IIS anonymous access is enabled.</Observation><Recommendation>Ensure that Microsoft IIS complies with the corporate policy.</Recommendation><Host AssetLabel="" IPDword="00000000000000000000FFFF0A012CD8" IPAddress="10.1.44.216" OSName="Windows Server 2003 (Service Pack 2)" DNSName="" NBName="WEB-GATEWAY01" NBWorkGroupName="WORKGROUP">
<Service ServiceName="ftp" Port="21" Protocol="tcp" />
<Service ServiceName="http" Port="80" Protocol="tcp" />
<Service ServiceName="loc-srv" Port="135" Protocol="tcp" />
<Service ServiceName="netbios-ns" Port="137" Protocol="udp" />
<Service ServiceName="netbios-ssn" Port="139" Protocol="tcp" />
<Service ServiceName="snmp" Port="161" Protocol="udp" />
<Service ServiceName="microsoft-ds" Port="445" Protocol="tcp" />
<Service ServiceName="svchost" Port="1025" Protocol="tcp" />
<Service ServiceName="ms-term-service" Port="3389" Protocol="tcp" />
<Service ServiceName="mstaskremo" Port="1026" Protocol="tcp" />
<Service ServiceName="vnc-1" Port="5901" Protocol="tcp" />
</Host>
</Vuln>
<Vuln FaultlineID="8344" VulnName="Microsoft IIS Basic Authentication Scheme Disabled">
<Risk>0</Risk>
<Description>Microsoft Internet Information Services (IIS) Basic Authentication scheme is disabled on the host.</Description><Observation>Microsoft Internet Information Services (IIS) is a popular web server for the Windows platform.

Microsoft IIS Basic Authentication scheme is disabled on the host.</Observation><Recommendation>Ensure that Microsoft IIS complies with the corporate policy.</Recommendation><Host AssetLabel="" IPDword="00000000000000000000FFFF0A012CD8" IPAddress="10.1.44.216" OSName="Windows Server 2003 (Service Pack 2)" DNSName="" NBName="WEB-GATEWAY01" NBWorkGroupName="WORKGROUP">
<Service ServiceName="ftp" Port="21" Protocol="tcp" />
<Service ServiceName="http" Port="80" Protocol="tcp" />
<Service ServiceName="loc-srv" Port="135" Protocol="tcp" />
<Service ServiceName="netbios-ns" Port="137" Protocol="udp" />
<Service ServiceName="netbios-ssn" Port="139" Protocol="tcp" />
<Service ServiceName="snmp" Port="161" Protocol="udp" />
<Service ServiceName="microsoft-ds" Port="445" Protocol="tcp" />
<Service ServiceName="svchost" Port="1025" Protocol="tcp" />
<Service ServiceName="ms-term-service" Port="3389" Protocol="tcp" />
<Service ServiceName="mstaskremo" Port="1026" Protocol="tcp" />
<Service ServiceName="vnc-1" Port="5901" Protocol="tcp" />
</Host>
</Vuln>
<Vuln FaultlineID="8385" VulnName="Microsoft IIS Host Name Setting Enumerated">
<Risk>0</Risk>
<Description>Microsoft Internet Information Services (IIS) "Use Host Header Name" setting is disabled on the host.</Description><Observation>Microsoft Internet Information Services (IIS) is a popular web server for the Windows platform.

Microsoft IIS "Use Host Header Name" setting is disabled on the host.</Observation><Recommendation>Ensure that Microsoft IIS complies with the corporate policy.

Note: It is advised to enable "Use Host Header Name" setting.</Recommendation><Host AssetLabel="" IPDword="00000000000000000000FFFF0A012CD8" IPAddress="10.1.44.216" OSName="Windows Server 2003 (Service Pack 2)" DNSName="" NBName="WEB-GATEWAY01" NBWorkGroupName="WORKGROUP">
<Service ServiceName="ftp" Port="21" Protocol="tcp" />
<Service ServiceName="http" Port="80" Protocol="tcp" />
<Service ServiceName="loc-srv" Port="135" Protocol="tcp" />
<Service ServiceName="netbios-ns" Port="137" Protocol="udp" />
<Service ServiceName="netbios-ssn" Port="139" Protocol="tcp" />
<Service ServiceName="snmp" Port="161" Protocol="udp" />
<Service ServiceName="microsoft-ds" Port="445" Protocol="tcp" />
<Service ServiceName="svchost" Port="1025" Protocol="tcp" />
<Service ServiceName="ms-term-service" Port="3389" Protocol="tcp" />
<Service ServiceName="mstaskremo" Port="1026" Protocol="tcp" />
<Service ServiceName="vnc-1" Port="5901" Protocol="tcp" />
</Host>
</Vuln>
<Vuln FaultlineID="8445" VulnName="Microsoft IIS Server Extensions Enumerated">
<Risk>0</Risk>
<Description>Microsoft Internet Information Services (IIS) extensions were enumerated on the host.</Description><Observation>Microsoft Internet Information Services (IIS) is a popular web server for the Windows platform.

Microsoft IIS server extensions were enumerated on the host.</Observation><Recommendation>Ensure that Microsoft IIS complies with organizational policy.</Recommendation><Host AssetLabel="" IPDword="00000000000000000000FFFF0A012CD8" IPAddress="10.1.44.216" OSName="Windows Server 2003 (Service Pack 2)" DNSName="" NBName="WEB-GATEWAY01" NBWorkGroupName="WORKGROUP">
<Service ServiceName="ftp" Port="21" Protocol="tcp" />
<Service ServiceName="http" Port="80" Protocol="tcp" />
<Service ServiceName="loc-srv" Port="135" Protocol="tcp" />
<Service ServiceName="netbios-ns" Port="137" Protocol="udp" />
<Service ServiceName="netbios-ssn" Port="139" Protocol="tcp" />
<Service ServiceName="snmp" Port="161" Protocol="udp" />
<Service ServiceName="microsoft-ds" Port="445" Protocol="tcp" />
<Service ServiceName="svchost" Port="1025" Protocol="tcp" />
<Service ServiceName="ms-term-service" Port="3389" Protocol="tcp" />
<Service ServiceName="mstaskremo" Port="1026" Protocol="tcp" />
<Service ServiceName="vnc-1" Port="5901" Protocol="tcp" />
</Host>
</Vuln>
<Vuln FaultlineID="8489" VulnName="NetBIOS Bindings Information Detected">
<Risk>0</Risk>
<Description>NetBIOS bindings information was detected on the host.</Description><Observation>NetBIOS is a service which allows different computers to communicate with each other over a local area network.

NetBIOS bindings information was detected on the host.</Observation><Recommendation>Ensure that NetBIOS service complies with organizational policies.</Recommendation><Host AssetLabel="" IPDword="00000000000000000000FFFF0A012CD8" IPAddress="10.1.44.216" OSName="Windows Server 2003 (Service Pack 2)" DNSName="" NBName="WEB-GATEWAY01" NBWorkGroupName="WORKGROUP">
<Service ServiceName="ftp" Port="21" Protocol="tcp" />
<Service ServiceName="http" Port="80" Protocol="tcp" />
<Service ServiceName="loc-srv" Port="135" Protocol="tcp" />
<Service ServiceName="netbios-ns" Port="137" Protocol="udp" />
<Service ServiceName="netbios-ssn" Port="139" Protocol="tcp" />
<Service ServiceName="snmp" Port="161" Protocol="udp" />
<Service ServiceName="microsoft-ds" Port="445" Protocol="tcp" />
<Service ServiceName="svchost" Port="1025" Protocol="tcp" />
<Service ServiceName="ms-term-service" Port="3389" Protocol="tcp" />
<Service ServiceName="mstaskremo" Port="1026" Protocol="tcp" />
<Service ServiceName="vnc-1" Port="5901" Protocol="tcp" />
</Host>
</Vuln>
<Vuln FaultlineID="8490" VulnName="NetBIOS Names Information Accessible">
<Risk>0</Risk>
<Description>Microsoft NetBIOS names information was detected on the host.</Description><Observation>Microsoft NetBIOS is a service developed to communicate with different computers over a local network.

Microsoft NetBIOS names information was detected on the host.</Observation><Recommendation>Ensure that Microsoft NetBIOS complies with organizational policies.</Recommendation><Host AssetLabel="" IPDword="00000000000000000000FFFF0A012CD8" IPAddress="10.1.44.216" OSName="Windows Server 2003 (Service Pack 2)" DNSName="" NBName="WEB-GATEWAY01" NBWorkGroupName="WORKGROUP">
<Service ServiceName="ftp" Port="21" Protocol="tcp" />
<Service ServiceName="http" Port="80" Protocol="tcp" />
<Service ServiceName="loc-srv" Port="135" Protocol="tcp" />
<Service ServiceName="netbios-ns" Port="137" Protocol="udp" />
<Service ServiceName="netbios-ssn" Port="139" Protocol="tcp" />
<Service ServiceName="snmp" Port="161" Protocol="udp" />
<Service ServiceName="microsoft-ds" Port="445" Protocol="tcp" />
<Service ServiceName="svchost" Port="1025" Protocol="tcp" />
<Service ServiceName="ms-term-service" Port="3389" Protocol="tcp" />
<Service ServiceName="mstaskremo" Port="1026" Protocol="tcp" />
<Service ServiceName="vnc-1" Port="5901" Protocol="tcp" />
</Host>
</Vuln>
<Vuln FaultlineID="8628" VulnName="SNMP Printers State Information Detected">
<Risk>0</Risk>
<Description>Printers state information was obtained through the Simple Network Management Protocol (SNMP) service.</Description><Observation>Simple Network Management Protocol (SNMP) is a UDP-based network protocol. SNMP is used to monitor and administer devices with a network interface remotely.

Printers state information was obtained through the SNMP service.</Observation><Recommendation>Ensure that the SNMP configuration complies with organizational policy.</Recommendation><Host AssetLabel="" IPDword="00000000000000000000FFFF0A012CD8" IPAddress="10.1.44.216" OSName="Windows Server 2003 (Service Pack 2)" DNSName="" NBName="WEB-GATEWAY01" NBWorkGroupName="WORKGROUP">
<Service ServiceName="ftp" Port="21" Protocol="tcp" />
<Service ServiceName="http" Port="80" Protocol="tcp" />
<Service ServiceName="loc-srv" Port="135" Protocol="tcp" />
<Service ServiceName="netbios-ns" Port="137" Protocol="udp" />
<Service ServiceName="netbios-ssn" Port="139" Protocol="tcp" />
<Service ServiceName="snmp" Port="161" Protocol="udp" />
<Service ServiceName="microsoft-ds" Port="445" Protocol="tcp" />
<Service ServiceName="svchost" Port="1025" Protocol="tcp" />
<Service ServiceName="ms-term-service" Port="3389" Protocol="tcp" />
<Service ServiceName="mstaskremo" Port="1026" Protocol="tcp" />
<Service ServiceName="vnc-1" Port="5901" Protocol="tcp" />
</Host>
</Vuln>
<Vuln FaultlineID="8629" VulnName="SNMP  Active UDP Sockets Information Detected">
<Risk>0</Risk>
<Description>Active UDP socket information was obtained from the host through the Simple Network Management Protocol (SNMP) service.</Description><Observation>Simple Network Management Protocol (SNMP) is a UDP-based network protocol. SNMP is used to monitor and administer devices with a network interface remotely.

Active UDP socket information was obtained from the host through the SNMP service.</Observation><Recommendation>Ensure that the SNMP configuration complies with organizational policy.</Recommendation><Host AssetLabel="" IPDword="00000000000000000000FFFF0A012CD8" IPAddress="10.1.44.216" OSName="Windows Server 2003 (Service Pack 2)" DNSName="" NBName="WEB-GATEWAY01" NBWorkGroupName="WORKGROUP">
<Service ServiceName="ftp" Port="21" Protocol="tcp" />
<Service ServiceName="http" Port="80" Protocol="tcp" />
<Service ServiceName="loc-srv" Port="135" Protocol="tcp" />
<Service ServiceName="netbios-ns" Port="137" Protocol="udp" />
<Service ServiceName="netbios-ssn" Port="139" Protocol="tcp" />
<Service ServiceName="snmp" Port="161" Protocol="udp" />
<Service ServiceName="microsoft-ds" Port="445" Protocol="tcp" />
<Service ServiceName="svchost" Port="1025" Protocol="tcp" />
<Service ServiceName="ms-term-service" Port="3389" Protocol="tcp" />
<Service ServiceName="mstaskremo" Port="1026" Protocol="tcp" />
<Service ServiceName="vnc-1" Port="5901" Protocol="tcp" />
</Host>
</Vuln>
<Vuln FaultlineID="8635" VulnName="SNMP Active TCP Sockets Information Detected">
<Risk>0</Risk>
<Description>Active TCP sockets information was obtained from the host through the Simple Network Management Protocol (SNMP) service.</Description><Observation>Simple Network Management Protocol (SNMP) is a UDP-based network protocol. SNMP is used to monitor and administer devices with a network interface remotely.

Active TCP sockets information was obtained from the host through the SNMP service.</Observation><Recommendation>Ensure that the SNMP configuration complies with organizational policy.</Recommendation><Host AssetLabel="" IPDword="00000000000000000000FFFF0A012CD8" IPAddress="10.1.44.216" OSName="Windows Server 2003 (Service Pack 2)" DNSName="" NBName="WEB-GATEWAY01" NBWorkGroupName="WORKGROUP">
<Service ServiceName="ftp" Port="21" Protocol="tcp" />
<Service ServiceName="http" Port="80" Protocol="tcp" />
<Service ServiceName="loc-srv" Port="135" Protocol="tcp" />
<Service ServiceName="netbios-ns" Port="137" Protocol="udp" />
<Service ServiceName="netbios-ssn" Port="139" Protocol="tcp" />
<Service ServiceName="snmp" Port="161" Protocol="udp" />
<Service ServiceName="microsoft-ds" Port="445" Protocol="tcp" />
<Service ServiceName="svchost" Port="1025" Protocol="tcp" />
<Service ServiceName="ms-term-service" Port="3389" Protocol="tcp" />
<Service ServiceName="mstaskremo" Port="1026" Protocol="tcp" />
<Service ServiceName="vnc-1" Port="5901" Protocol="tcp" />
</Host>
</Vuln>
<Vuln FaultlineID="8641" VulnName="SNMP  Established TCP Connection Information Detected">
<Risk>0</Risk>
<Description>Established TCP connection information was obtained from the host through the Simple Network Management Protocol (SNMP) service.</Description><Observation>Simple Network Management Protocol (SNMP) is a UDP-based network protocol. SNMP is used to monitor and administer devices with a network interface remotely.

Established TCP connection information was obtained from the host through the SNMP service.</Observation><Recommendation>Ensure that the SNMP configuration complies with organizational policy.</Recommendation><Host AssetLabel="" IPDword="00000000000000000000FFFF0A012CD8" IPAddress="10.1.44.216" OSName="Windows Server 2003 (Service Pack 2)" DNSName="" NBName="WEB-GATEWAY01" NBWorkGroupName="WORKGROUP">
<Service ServiceName="ftp" Port="21" Protocol="tcp" />
<Service ServiceName="http" Port="80" Protocol="tcp" />
<Service ServiceName="loc-srv" Port="135" Protocol="tcp" />
<Service ServiceName="netbios-ns" Port="137" Protocol="udp" />
<Service ServiceName="netbios-ssn" Port="139" Protocol="tcp" />
<Service ServiceName="snmp" Port="161" Protocol="udp" />
<Service ServiceName="microsoft-ds" Port="445" Protocol="tcp" />
<Service ServiceName="svchost" Port="1025" Protocol="tcp" />
<Service ServiceName="ms-term-service" Port="3389" Protocol="tcp" />
<Service ServiceName="mstaskremo" Port="1026" Protocol="tcp" />
<Service ServiceName="vnc-1" Port="5901" Protocol="tcp" />
</Host>
</Vuln>
<Vuln FaultlineID="8645" VulnName="SNMP Process Table Information Detected">
<Risk>0</Risk>
<Description>Process table information was obtained through the Simple Network Management Protocol (SNMP) service.</Description><Observation>Simple Network Management Protocol (SNMP) is a UDP-based network protocol. SNMP is used to monitor and administer devices with a network interface remotely.

Process table information was obtained through the SNMP service.</Observation><Recommendation>Ensure that the SNMP configuration complies with organizational policy.</Recommendation><Host AssetLabel="" IPDword="00000000000000000000FFFF0A012CD8" IPAddress="10.1.44.216" OSName="Windows Server 2003 (Service Pack 2)" DNSName="" NBName="WEB-GATEWAY01" NBWorkGroupName="WORKGROUP">
<Service ServiceName="ftp" Port="21" Protocol="tcp" />
<Service ServiceName="http" Port="80" Protocol="tcp" />
<Service ServiceName="loc-srv" Port="135" Protocol="tcp" />
<Service ServiceName="netbios-ns" Port="137" Protocol="udp" />
<Service ServiceName="netbios-ssn" Port="139" Protocol="tcp" />
<Service ServiceName="snmp" Port="161" Protocol="udp" />
<Service ServiceName="microsoft-ds" Port="445" Protocol="tcp" />
<Service ServiceName="svchost" Port="1025" Protocol="tcp" />
<Service ServiceName="ms-term-service" Port="3389" Protocol="tcp" />
<Service ServiceName="mstaskremo" Port="1026" Protocol="tcp" />
<Service ServiceName="vnc-1" Port="5901" Protocol="tcp" />
</Host>
</Vuln>
<Vuln FaultlineID="8647" VulnName="SNMP  IP Address Table Information Detected">
<Risk>0</Risk>
<Description>IP address table information was obtained from the host through the Simple Network Management Protocol (SNMP) service.</Description><Observation>Simple Network Management Protocol (SNMP) is a UDP-based network protocol. SNMP is used to monitor and administer devices with a network interface remotely.

IP address table information was obtained from the host through the SNMP service.</Observation><Recommendation>Ensure that the SNMP configuration complies with organizational policy.</Recommendation><Host AssetLabel="" IPDword="00000000000000000000FFFF0A012CD8" IPAddress="10.1.44.216" OSName="Windows Server 2003 (Service Pack 2)" DNSName="" NBName="WEB-GATEWAY01" NBWorkGroupName="WORKGROUP">
<Service ServiceName="ftp" Port="21" Protocol="tcp" />
<Service ServiceName="http" Port="80" Protocol="tcp" />
<Service ServiceName="loc-srv" Port="135" Protocol="tcp" />
<Service ServiceName="netbios-ns" Port="137" Protocol="udp" />
<Service ServiceName="netbios-ssn" Port="139" Protocol="tcp" />
<Service ServiceName="snmp" Port="161" Protocol="udp" />
<Service ServiceName="microsoft-ds" Port="445" Protocol="tcp" />
<Service ServiceName="svchost" Port="1025" Protocol="tcp" />
<Service ServiceName="ms-term-service" Port="3389" Protocol="tcp" />
<Service ServiceName="mstaskremo" Port="1026" Protocol="tcp" />
<Service ServiceName="vnc-1" Port="5901" Protocol="tcp" />
</Host>
</Vuln>
<Vuln FaultlineID="8648" VulnName="SNMP LanManager Service Information Detected">
<Risk>0</Risk>
<Description>LAN Manager service table information was obtained from the host through the Simple Network Management Protocol (SNMP) service.</Description><Observation>Simple Network Management Protocol (SNMP) is a UDP-based network protocol. SNMP is used to monitor and administer devices with a network interface remotely.

LAN Manager service table information was obtained from the host through the SNMP service.</Observation><Recommendation>Ensure that the SNMP configuration complies with organizational policy.</Recommendation><Host AssetLabel="" IPDword="00000000000000000000FFFF0A012CD8" IPAddress="10.1.44.216" OSName="Windows Server 2003 (Service Pack 2)" DNSName="" NBName="WEB-GATEWAY01" NBWorkGroupName="WORKGROUP">
<Service ServiceName="ftp" Port="21" Protocol="tcp" />
<Service ServiceName="http" Port="80" Protocol="tcp" />
<Service ServiceName="loc-srv" Port="135" Protocol="tcp" />
<Service ServiceName="netbios-ns" Port="137" Protocol="udp" />
<Service ServiceName="netbios-ssn" Port="139" Protocol="tcp" />
<Service ServiceName="snmp" Port="161" Protocol="udp" />
<Service ServiceName="microsoft-ds" Port="445" Protocol="tcp" />
<Service ServiceName="svchost" Port="1025" Protocol="tcp" />
<Service ServiceName="ms-term-service" Port="3389" Protocol="tcp" />
<Service ServiceName="mstaskremo" Port="1026" Protocol="tcp" />
<Service ServiceName="vnc-1" Port="5901" Protocol="tcp" />
</Host>
</Vuln>
<Vuln FaultlineID="8649" VulnName="SNMP Partition Table Information Detected">
<Risk>0</Risk>
<Description>Partition table information was obtained through the Simple Network Management Protocol (SNMP) service.</Description><Observation>Simple Network Management Protocol (SNMP) is a UDP-based network protocol. SNMP is used to monitor and administer devices with a network interface remotely.

Partition table information was obtained through the SNMP service.</Observation><Recommendation>Ensure that the SNMP configuration complies with organizational policy.</Recommendation><Host AssetLabel="" IPDword="00000000000000000000FFFF0A012CD8" IPAddress="10.1.44.216" OSName="Windows Server 2003 (Service Pack 2)" DNSName="" NBName="WEB-GATEWAY01" NBWorkGroupName="WORKGROUP">
<Service ServiceName="ftp" Port="21" Protocol="tcp" />
<Service ServiceName="http" Port="80" Protocol="tcp" />
<Service ServiceName="loc-srv" Port="135" Protocol="tcp" />
<Service ServiceName="netbios-ns" Port="137" Protocol="udp" />
<Service ServiceName="netbios-ssn" Port="139" Protocol="tcp" />
<Service ServiceName="snmp" Port="161" Protocol="udp" />
<Service ServiceName="microsoft-ds" Port="445" Protocol="tcp" />
<Service ServiceName="svchost" Port="1025" Protocol="tcp" />
<Service ServiceName="ms-term-service" Port="3389" Protocol="tcp" />
<Service ServiceName="mstaskremo" Port="1026" Protocol="tcp" />
<Service ServiceName="vnc-1" Port="5901" Protocol="tcp" />
</Host>
</Vuln>
<Vuln FaultlineID="8655" VulnName="SNMP Device List Detected">
<Risk>0</Risk>
<Description>Information about available server devices on the host was obtained through the Simple Network Management Protocol (SNMP) service.</Description><Observation>Simple Network Management Protocol (SNMP) is a UDP-based network protocol. SNMP is used to monitor and administer devices with a network interface remotely.

Information about available server devices on the host was obtained through the SNMP service.</Observation><Recommendation>Ensure that the SNMP configuration complies with organizational policy.</Recommendation><Host AssetLabel="" IPDword="00000000000000000000FFFF0A012CD8" IPAddress="10.1.44.216" OSName="Windows Server 2003 (Service Pack 2)" DNSName="" NBName="WEB-GATEWAY01" NBWorkGroupName="WORKGROUP">
<Service ServiceName="ftp" Port="21" Protocol="tcp" />
<Service ServiceName="http" Port="80" Protocol="tcp" />
<Service ServiceName="loc-srv" Port="135" Protocol="tcp" />
<Service ServiceName="netbios-ns" Port="137" Protocol="udp" />
<Service ServiceName="netbios-ssn" Port="139" Protocol="tcp" />
<Service ServiceName="snmp" Port="161" Protocol="udp" />
<Service ServiceName="microsoft-ds" Port="445" Protocol="tcp" />
<Service ServiceName="svchost" Port="1025" Protocol="tcp" />
<Service ServiceName="ms-term-service" Port="3389" Protocol="tcp" />
<Service ServiceName="mstaskremo" Port="1026" Protocol="tcp" />
<Service ServiceName="vnc-1" Port="5901" Protocol="tcp" />
</Host>
</Vuln>
<Vuln FaultlineID="8659" VulnName="SNMP Storage Devices Detected">
<Risk>0</Risk>
<Description>Information about available storage devices on the host was obtained through the Simple Network Management Protocol (SNMP) service.</Description><Observation>Simple Network Management Protocol (SNMP) is a UDP-based network protocol. SNMP is used to monitor and administer devices with a network interface remotely.

Information about available storage devices on the host was obtained through the SNMP service.</Observation><Recommendation>Ensure that the SNMP configuration complies with organizational policy.</Recommendation><Host AssetLabel="" IPDword="00000000000000000000FFFF0A012CD8" IPAddress="10.1.44.216" OSName="Windows Server 2003 (Service Pack 2)" DNSName="" NBName="WEB-GATEWAY01" NBWorkGroupName="WORKGROUP">
<Service ServiceName="ftp" Port="21" Protocol="tcp" />
<Service ServiceName="http" Port="80" Protocol="tcp" />
<Service ServiceName="loc-srv" Port="135" Protocol="tcp" />
<Service ServiceName="netbios-ns" Port="137" Protocol="udp" />
<Service ServiceName="netbios-ssn" Port="139" Protocol="tcp" />
<Service ServiceName="snmp" Port="161" Protocol="udp" />
<Service ServiceName="microsoft-ds" Port="445" Protocol="tcp" />
<Service ServiceName="svchost" Port="1025" Protocol="tcp" />
<Service ServiceName="ms-term-service" Port="3389" Protocol="tcp" />
<Service ServiceName="mstaskremo" Port="1026" Protocol="tcp" />
<Service ServiceName="vnc-1" Port="5901" Protocol="tcp" />
</Host>
</Vuln>
<Vuln FaultlineID="8673" VulnName="SNMP Microsoft Windows Logon Users Detected">
<Risk>0</Risk>
<Description>Microsoft Windows users information was obtained through the Simple Network Management Protocol (SNMP) service.</Description><Observation>Simple Network Management Protocol (SNMP) is a UDP-based network protocol. SNMP is used to monitor and administer devices with a network interface remotely.

Microsoft Windows users information was obtained through the SNMP service.</Observation><Recommendation>Ensure that SNMP configuration complies with organizational policy.</Recommendation><Host AssetLabel="" IPDword="00000000000000000000FFFF0A012CD8" IPAddress="10.1.44.216" OSName="Windows Server 2003 (Service Pack 2)" DNSName="" NBName="WEB-GATEWAY01" NBWorkGroupName="WORKGROUP">
<Service ServiceName="ftp" Port="21" Protocol="tcp" />
<Service ServiceName="http" Port="80" Protocol="tcp" />
<Service ServiceName="loc-srv" Port="135" Protocol="tcp" />
<Service ServiceName="netbios-ns" Port="137" Protocol="udp" />
<Service ServiceName="netbios-ssn" Port="139" Protocol="tcp" />
<Service ServiceName="snmp" Port="161" Protocol="udp" />
<Service ServiceName="microsoft-ds" Port="445" Protocol="tcp" />
<Service ServiceName="svchost" Port="1025" Protocol="tcp" />
<Service ServiceName="ms-term-service" Port="3389" Protocol="tcp" />
<Service ServiceName="mstaskremo" Port="1026" Protocol="tcp" />
<Service ServiceName="vnc-1" Port="5901" Protocol="tcp" />
</Host>
</Vuln>
<Vuln FaultlineID="8687" VulnName="SNMP Network Interface List Detected">
<Risk>0</Risk>
<Description>Network interface list configured on the host was obtained through SNMP.</Description><Observation>Simple Network Management Protocol (SNMP) is a UDP-based network protocol. SNMP is used to remotely monitor and administer devices with a network interface.

Network interface list configured on the host was obtained through SNMP.</Observation><Recommendation>Ensure that SNMP configuration complies with organizational policy.</Recommendation><Host AssetLabel="" IPDword="00000000000000000000FFFF0A012CD8" IPAddress="10.1.44.216" OSName="Windows Server 2003 (Service Pack 2)" DNSName="" NBName="WEB-GATEWAY01" NBWorkGroupName="WORKGROUP">
<Service ServiceName="ftp" Port="21" Protocol="tcp" />
<Service ServiceName="http" Port="80" Protocol="tcp" />
<Service ServiceName="loc-srv" Port="135" Protocol="tcp" />
<Service ServiceName="netbios-ns" Port="137" Protocol="udp" />
<Service ServiceName="netbios-ssn" Port="139" Protocol="tcp" />
<Service ServiceName="snmp" Port="161" Protocol="udp" />
<Service ServiceName="microsoft-ds" Port="445" Protocol="tcp" />
<Service ServiceName="svchost" Port="1025" Protocol="tcp" />
<Service ServiceName="ms-term-service" Port="3389" Protocol="tcp" />
<Service ServiceName="mstaskremo" Port="1026" Protocol="tcp" />
<Service ServiceName="vnc-1" Port="5901" Protocol="tcp" />
</Host>
</Vuln>
<Vuln FaultlineID="8694" VulnName="SNMP CPU List Information Detected">
<Risk>0</Risk>
<Description>CPU information was obtained from the host through SNMP service.</Description><Observation>Simple Network Management Protocol (SNMP) is a UDP based network protocol. SNMP is used to remotely monitor and administer devices with a network interface.

CPU information was obtained from the host through SNMP service.</Observation><Recommendation>Ensure that SNMP configuration complies with organizational policy.</Recommendation><Host AssetLabel="" IPDword="00000000000000000000FFFF0A012CD8" IPAddress="10.1.44.216" OSName="Windows Server 2003 (Service Pack 2)" DNSName="" NBName="WEB-GATEWAY01" NBWorkGroupName="WORKGROUP">
<Service ServiceName="ftp" Port="21" Protocol="tcp" />
<Service ServiceName="http" Port="80" Protocol="tcp" />
<Service ServiceName="loc-srv" Port="135" Protocol="tcp" />
<Service ServiceName="netbios-ns" Port="137" Protocol="udp" />
<Service ServiceName="netbios-ssn" Port="139" Protocol="tcp" />
<Service ServiceName="snmp" Port="161" Protocol="udp" />
<Service ServiceName="microsoft-ds" Port="445" Protocol="tcp" />
<Service ServiceName="svchost" Port="1025" Protocol="tcp" />
<Service ServiceName="ms-term-service" Port="3389" Protocol="tcp" />
<Service ServiceName="mstaskremo" Port="1026" Protocol="tcp" />
<Service ServiceName="vnc-1" Port="5901" Protocol="tcp" />
</Host>
</Vuln>
<Vuln FaultlineID="8700" VulnName="SNMP Network Information Detected">
<Risk>0</Risk>
<Description>Network information was obtained from the host through SNMP service.</Description><Observation>Simple Network Management Protocol (SNMP) is a UDP based network protocol. SNMP is used to remotely monitor and administer devices with a network interface.

Network information was obtained from the host through SNMP service.</Observation><Recommendation>Ensure that SNMP configuration complies with organizational policy.</Recommendation><Host AssetLabel="" IPDword="00000000000000000000FFFF0A012CD8" IPAddress="10.1.44.216" OSName="Windows Server 2003 (Service Pack 2)" DNSName="" NBName="WEB-GATEWAY01" NBWorkGroupName="WORKGROUP">
<Service ServiceName="ftp" Port="21" Protocol="tcp" />
<Service ServiceName="http" Port="80" Protocol="tcp" />
<Service ServiceName="loc-srv" Port="135" Protocol="tcp" />
<Service ServiceName="netbios-ns" Port="137" Protocol="udp" />
<Service ServiceName="netbios-ssn" Port="139" Protocol="tcp" />
<Service ServiceName="snmp" Port="161" Protocol="udp" />
<Service ServiceName="microsoft-ds" Port="445" Protocol="tcp" />
<Service ServiceName="svchost" Port="1025" Protocol="tcp" />
<Service ServiceName="ms-term-service" Port="3389" Protocol="tcp" />
<Service ServiceName="mstaskremo" Port="1026" Protocol="tcp" />
<Service ServiceName="vnc-1" Port="5901" Protocol="tcp" />
</Host>
</Vuln>
<Vuln FaultlineID="8715" VulnName="SNMP Other NT Domains Information Detected">
<Risk>0</Risk>
<Description>NT Domain information was obtained from the host through the SNMP service.</Description><Observation>Simple Network Management Protocol (SNMP) is a UDP based network protocol. SNMP is used to remotely monitor and administer devices with a network interface.

NT Domain information was obtained from the host through the SNMP service.</Observation><Recommendation>Ensure that SNMP configuration complies with organizational policy.</Recommendation><Host AssetLabel="" IPDword="00000000000000000000FFFF0A012CD8" IPAddress="10.1.44.216" OSName="Windows Server 2003 (Service Pack 2)" DNSName="" NBName="WEB-GATEWAY01" NBWorkGroupName="WORKGROUP">
<Service ServiceName="ftp" Port="21" Protocol="tcp" />
<Service ServiceName="http" Port="80" Protocol="tcp" />
<Service ServiceName="loc-srv" Port="135" Protocol="tcp" />
<Service ServiceName="netbios-ns" Port="137" Protocol="udp" />
<Service ServiceName="netbios-ssn" Port="139" Protocol="tcp" />
<Service ServiceName="snmp" Port="161" Protocol="udp" />
<Service ServiceName="microsoft-ds" Port="445" Protocol="tcp" />
<Service ServiceName="svchost" Port="1025" Protocol="tcp" />
<Service ServiceName="ms-term-service" Port="3389" Protocol="tcp" />
<Service ServiceName="mstaskremo" Port="1026" Protocol="tcp" />
<Service ServiceName="vnc-1" Port="5901" Protocol="tcp" />
</Host>
</Vuln>
<Vuln FaultlineID="11192" VulnName="Microsoft Remote Procedure Call Service Detected">
<Risk>0</Risk>
<Description>Microsoft Remote Procedure Call Service was detected on the host.</Description><Observation>Microsoft Remote Procedure Call Service (MSRPC) service is the DCE RPC mechanism implemented by Microsoft. It supports inheritance of interfaces, Unicode strings and implicit handles.

Microsoft Remote Procedure Call Service was detected on the host.</Observation><Recommendation>Ensure that MSRPC complies with organizational policy.</Recommendation><Host AssetLabel="" IPDword="00000000000000000000FFFF0A012CD8" IPAddress="10.1.44.216" OSName="Windows Server 2003 (Service Pack 2)" DNSName="" NBName="WEB-GATEWAY01" NBWorkGroupName="WORKGROUP">
<Service ServiceName="ftp" Port="21" Protocol="tcp" />
<Service ServiceName="http" Port="80" Protocol="tcp" />
<Service ServiceName="loc-srv" Port="135" Protocol="tcp" />
<Service ServiceName="netbios-ns" Port="137" Protocol="udp" />
<Service ServiceName="netbios-ssn" Port="139" Protocol="tcp" />
<Service ServiceName="snmp" Port="161" Protocol="udp" />
<Service ServiceName="microsoft-ds" Port="445" Protocol="tcp" />
<Service ServiceName="svchost" Port="1025" Protocol="tcp" />
<Service ServiceName="ms-term-service" Port="3389" Protocol="tcp" />
<Service ServiceName="mstaskremo" Port="1026" Protocol="tcp" />
<Service ServiceName="vnc-1" Port="5901" Protocol="tcp" />
</Host>
</Vuln>
<Vuln FaultlineID="11218" VulnName="Web Server HTTP Protocol Version Detected">
<Risk>0</Risk>
<Description>HTTP protocol version was obtained from the host through web server.</Description><Observation>Web servers are widely used to serve static and dynamic content and render it in the client's browser.

HTTP protocol version was obtained from the host through web server.</Observation><Recommendation>Ensure that web server complies with organizational policy.</Recommendation><Host AssetLabel="" IPDword="00000000000000000000FFFF0A012CD8" IPAddress="10.1.44.216" OSName="Windows Server 2003 (Service Pack 2)" DNSName="" NBName="WEB-GATEWAY01" NBWorkGroupName="WORKGROUP">
<Service ServiceName="ftp" Port="21" Protocol="tcp" />
<Service ServiceName="http" Port="80" Protocol="tcp" />
<Service ServiceName="loc-srv" Port="135" Protocol="tcp" />
<Service ServiceName="netbios-ns" Port="137" Protocol="udp" />
<Service ServiceName="netbios-ssn" Port="139" Protocol="tcp" />
<Service ServiceName="snmp" Port="161" Protocol="udp" />
<Service ServiceName="microsoft-ds" Port="445" Protocol="tcp" />
<Service ServiceName="svchost" Port="1025" Protocol="tcp" />
<Service ServiceName="ms-term-service" Port="3389" Protocol="tcp" />
<Service ServiceName="mstaskremo" Port="1026" Protocol="tcp" />
<Service ServiceName="vnc-1" Port="5901" Protocol="tcp" />
</Host>
</Vuln>
<Vuln FaultlineID="13017" VulnName="NetBIOS Null Session Enabled">
<Risk>0</Risk>
<Description>NetBIOS Null sessions are enabled on the host.</Description><Observation>A NetBIOS null session allows users to connect to a host remotely with no username and password and perform a limited set of administrative tasks. Null sessions allow the remote user to gather information such as:

1. List users
2. List groups
3. List shares (including hidden shares)
4. Policies (such as minimum password length, etc.)

While the enumerated information is not an immediate risk, much of the information can be leveraged to launch an attack to gain user or administrative privilege. All steps should be taken to eliminate the vulnerability and/or reduce the information available to the attacker.

This check only attempts to establish a NetBIOS null session with the host. It does not attempt to determine what information is accessible with the null session.
</Observation><Recommendation>Disable or restrict null session access to network shares.

For Windows operating systems, the configuration steps may vary based on the type of operating system and Domain or Local Security policies. Contact the operating system vendor for hardening steps specific to the operating system and setup environment.

For Unix Samba based server, make sure that samba's configuration parameter "guest ok"  is set to "no" and set the "restrict anonymous" parameter.

Workaround: Block access to TCP port 139 (NetBIOS) and TCP port 445 using a firewall. 

Note: Blocking access for MVM to both TCP ports 139 and 445 will also block MVM's credential based scans. This should only be done if credential based scans are not needed.</Recommendation><Host AssetLabel="" IPDword="00000000000000000000FFFF0A012CD8" IPAddress="10.1.44.216" OSName="Windows Server 2003 (Service Pack 2)" DNSName="" NBName="WEB-GATEWAY01" NBWorkGroupName="WORKGROUP">
<Service ServiceName="ftp" Port="21" Protocol="tcp" />
<Service ServiceName="http" Port="80" Protocol="tcp" />
<Service ServiceName="loc-srv" Port="135" Protocol="tcp" />
<Service ServiceName="netbios-ns" Port="137" Protocol="udp" />
<Service ServiceName="netbios-ssn" Port="139" Protocol="tcp" />
<Service ServiceName="snmp" Port="161" Protocol="udp" />
<Service ServiceName="microsoft-ds" Port="445" Protocol="tcp" />
<Service ServiceName="svchost" Port="1025" Protocol="tcp" />
<Service ServiceName="ms-term-service" Port="3389" Protocol="tcp" />
<Service ServiceName="mstaskremo" Port="1026" Protocol="tcp" />
<Service ServiceName="vnc-1" Port="5901" Protocol="tcp" />
</Host>
</Vuln>
<Vuln FaultlineID="13846" VulnName="Microsoft IIS Tilde Character Short File Name Disclosure (142982)">
<Risk>3</Risk>
<Description>There is an information disclosure vulnerability present in some versions of Microsoft IIS.
</Description><Observation>IIS is a web server application and a set of feature extension modules created by Microsoft.

There is an information disclosure vulnerability present in some versions of Microsoft IIS. This flaw can be exploited by sending a GET request with a tilde character "~" in the request, it could allow remote attackers to disclose files and folders names based on return status code.

The same vulnerability could also cause a denial of service condition. 
</Observation><Recommendation>McAfee is currently unaware of a vendor-supplied patch or update (2016-11-10)

The vendor has released an advisory describing a workaround that can be used to mitigate this issue.

More information can be found at:

http://support.microsoft.com/kb/121007

http://support.microsoft.com/kb/142982/en-us</Recommendation><Host AssetLabel="" IPDword="00000000000000000000FFFF0A012CD8" IPAddress="10.1.44.216" OSName="Windows Server 2003 (Service Pack 2)" DNSName="" NBName="WEB-GATEWAY01" NBWorkGroupName="WORKGROUP">
<Service ServiceName="ftp" Port="21" Protocol="tcp" />
<Service ServiceName="http" Port="80" Protocol="tcp" />
<Service ServiceName="loc-srv" Port="135" Protocol="tcp" />
<Service ServiceName="netbios-ns" Port="137" Protocol="udp" />
<Service ServiceName="netbios-ssn" Port="139" Protocol="tcp" />
<Service ServiceName="snmp" Port="161" Protocol="udp" />
<Service ServiceName="microsoft-ds" Port="445" Protocol="tcp" />
<Service ServiceName="svchost" Port="1025" Protocol="tcp" />
<Service ServiceName="ms-term-service" Port="3389" Protocol="tcp" />
<Service ServiceName="mstaskremo" Port="1026" Protocol="tcp" />
<Service ServiceName="vnc-1" Port="5901" Protocol="tcp" />
</Host>
</Vuln>
</Vulnerability>
</ROOT>
