<?xml version="1.0" encoding="UTF-8"?>
<ROOT xmlns:rsd="urn:www.mcafee.com:foundstone:reportsectiondescription">
<ReportInfo CreationDate="2018-05-09 05:01:26 UTC" ReportType="Network Inventory" />
<Jobs JobID="120" ScanName="BD_quetTT1_sang_090518_1" ScanType="Internal" StartTime="2018-05-09 04:41:47 UTC" EndTime="2018-05-09 05:01:22 UTC" TestJob="0" />
<HostData>
<Host AssetLabel="" IPDword="00000000000000000000FFFF0A014A19" IPAddress="10.1.74.25" OSName="Windows Server 2003 R2 (Service Pack 2)" DNSName="" NBName="SERVER-BFNNH0D5" NBWorkGroupName="WORKGROUP">
<ServicesFound>
<Service ServiceName="ftp">
<Port>21</Port>
<Protocol>tcp</Protocol>
<Banner><![CDATA[ 220-FileZilla Server version 0.9.40 beta
--&gt; STAT
220-written by Tim Kosse (Tim.Kosse@gmx.de)
220 Please visit http://sourceforge.net/projects/filezilla/ ]]></Banner>
</Service>
<Service ServiceName="http">
<Port>5800</Port>
<Protocol>tcp</Protocol>
<Banner><![CDATA[ HTTP/1.1 200 OK
Server: RealVNC/E4
Date: Wed, 09 May 2018 04:58:03 GMT
Cache-Control: no-cache
Content-Type: text/html
Connection: close ]]></Banner>
</Service>
<Service ServiceName="loc-srv">
<Port>135</Port>
<Protocol>tcp</Protocol>
<Banner><![CDATA[ e1af8308-5d1f-11c9-91a4-08002b14a0fa [Endpoint Mapper - v3.0]
0b0a6584-9e0f-11cf-a3cf-00805f68cb1b [Local Endpoint Mapper - v1.1]
1d55b526-c137-46c5-ab79-638f2a68e869 [DbgIdl - v1.0]
e60c73e6-88f9-11cf-9af1-0020af6e72f4 [ILocalObjectExporter - v2.0]
99fcfec4-5260-101b-bbcb-00aa0021347a [IOXIDResolver - v0.0]
b9e79e60-3d52-11ce-aaa1-00006901293f [IROT - v0.2]
412f241e-c12a-11ce-abff-0020af6e7a17 [ISCM - v0.2]
00000136-0000-0000-c000-000000000046 [ISCMLocalActivator - v0.0]
c6f3ee72-ce7e-11d1-b71e-00c04fc3111a [IMachineActivatorControl - v1.0]
4d9f4ab8-7d1c-11cf-861e-0020af6e7c57 [IRemoteActivation - v0.0]
000001a0-0000-0000-c000-000000000046 [ISystemActivator - v0.0] ]]></Banner>
</Service>
<Service ServiceName="netbios-ns">
<Port>137</Port>
<Protocol>udp</Protocol>
<Banner><![CDATA[ MAC Address: 00:0C:29:9F:90:EC
NIC Vendor : VMWare, Inc.

Netbios Name Table (4 names)

SERVER-BFNNH0D5  00  UNIQUE   Workstation service name
WORKGROUP        00  GROUP    Workstation service name
SERVER-BFNNH0D5  20  UNIQUE   Server services name
WORKGROUP        1E  GROUP    Group name ]]></Banner>
</Service>
<Service ServiceName="netbios-ssn">
<Port>139</Port>
<Protocol>tcp</Protocol>
<Banner><![CDATA[]]></Banner>
</Service>
<Service ServiceName="microsoft-ds">
<Port>445</Port>
<Protocol>tcp</Protocol>
<Banner><![CDATA[ SMB capabilities flags:
- 0001F3FD
Primary Domain:
- WORKGROUP
Server:
- SERVER-BFNNH0D5
Native OS:
- Windows Server 2003 R2 3790 Service Pack 2
Native LAN Manager:
- Windows Server 2003 R2 5.2 ]]></Banner>
</Service>
<Service ServiceName="h323hostcall">
<Port>1720</Port>
<Protocol>tcp</Protocol>
<Banner><![CDATA[]]></Banner>
</Service>
<Service ServiceName="ms-term-service">
<Port>3389</Port>
<Protocol>tcp</Protocol>
<Banner><![CDATA[ 03 00 00 13 0E D0 00 00 12 34 00 03 00 08 00 02   .........4......
00 00 00 ** ** ** ** ** ** ** ** ** ** ** ** **   ... ]]></Banner>
</Service>
<Service ServiceName="mstaskremo">
<Port>1026</Port>
<Protocol>tcp</Protocol>
<Banner><![CDATA[ 12345778-1234-abcd-ef00-0123456789ab [LSA access - v0.0]
c681d488-d850-11d0-8c52-00c04fd90f7e [Encrypted File System - v1.0]
11220835-5b26-4d94-ae86-c3e475a809de [Unknown - v1.0]
5cbe92cb-f4be-45c9-9fc9-33e73e557b20 [Unknown - v1.0]
3919286a-b10c-11d0-9ba8-00c04fd92ef5 [LSA DS access - v0.0]
1cbcad78-df0b-4934-b558-87839ea501c9 [Unknown - v0.0]
12345778-1234-abcd-ef00-0123456789ac [SAM access - v1.0]
c9378ff1-16f7-11d0-a0b2-00aa0061426a [Protected Storage - v1.0]
12345678-1234-abcd-ef00-0123456789ab [Spooler service - v1.0] ]]></Banner>
</Service>
<Service ServiceName="vnc">
<Port>5900</Port>
<Protocol>tcp</Protocol>
<Banner><![CDATA[ RFB 004.001 ]]></Banner>
</Service>
</ServicesFound>
<VulnsFound>
<Vuln id="694" VulnName="VNC HTTP Console">
<Risk>0</Risk>
<ServiceName>http</ServiceName>
<Port>5800</Port>
<Protocol>tcp</Protocol>
<Description>A VNC HTTP remote desktop console was detected.</Description><CVE>CVE-MAP-NOMATCH</CVE>
</Vuln>
<Vuln id="864" VulnName="NetBIOS NBTSTAT -A">
<Risk>0</Risk>
<ServiceName>netbios-ns</ServiceName>
<Port>137</Port>
<Protocol>udp</Protocol>
<Description>It is possible to retrieve NetBIOS Name Service information.</Description><CVE>CVE-MAP-NOMATCH</CVE>
</Vuln>
<Vuln id="891" VulnName="VNC Server Detected">
<Risk>0</Risk>
<ServiceName>vnc</ServiceName>
<Port>5900</Port>
<Protocol>tcp</Protocol>
<Description>A VNC server has been detected on the host.</Description><CVE>CVE-MAP-NOMATCH</CVE>
</Vuln>
<Vuln id="955" VulnName="Microsoft Windows Terminal Service">
<Risk>0</Risk>
<ServiceName>ms-term-service</ServiceName>
<Port>3389</Port>
<Protocol>tcp</Protocol>
<Description>Microsoft Windows Terminal service has been detected on the target host.</Description><CVE>CVE-MAP-NOMATCH</CVE>
</Vuln>
<Vuln id="4643" VulnName="LSASS RPC Interface Detected">
<Risk>0</Risk>
<ServiceName>loc-srv</ServiceName>
<Port>135</Port>
<Protocol>tcp</Protocol>
<Description>LSASS RPC Interface Detected.</Description></Vuln>
<Vuln id="6911" VulnName="FTP Server Found">
<Risk>0</Risk>
<ServiceName>ftp</ServiceName>
<Port>21</Port>
<Protocol>tcp</Protocol>
<Description>An FTP server was detected on the host.</Description></Vuln>
<Vuln id="8489" VulnName="NetBIOS Bindings Information Detected">
<Risk>0</Risk>
<ServiceName>netbios-ns</ServiceName>
<Port>137</Port>
<Protocol>udp</Protocol>
<Description>NetBIOS bindings information was detected on the host.</Description></Vuln>
<Vuln id="8490" VulnName="NetBIOS Names Information Accessible">
<Risk>0</Risk>
<ServiceName>netbios-ns</ServiceName>
<Port>137</Port>
<Protocol>udp</Protocol>
<Description>Microsoft NetBIOS names information was detected on the host.</Description></Vuln>
<Vuln id="10224" VulnName="Hidden WWW Server Name Detected">
<Risk>0</Risk>
<ServiceName>http</ServiceName>
<Port>5800</Port>
<Protocol>tcp</Protocol>
<Description>Hidden WWW server name detected.</Description></Vuln>
<Vuln id="11067" VulnName="FTP Server With Clear Text Authentication Detected">
<Risk>0</Risk>
<ServiceName>ftp</ServiceName>
<Port>21</Port>
<Protocol>tcp</Protocol>
<Description>FTP server with clear text authentication was detected on the host.</Description></Vuln>
<Vuln id="11090" VulnName="FTP Server Detected">
<Risk>0</Risk>
<ServiceName>ftp</ServiceName>
<Port>21</Port>
<Protocol>tcp</Protocol>
<Description>A FTP server was detected on the host.</Description></Vuln>
<Vuln id="11192" VulnName="Microsoft Remote Procedure Call Service Detected">
<Risk>0</Risk>
<ServiceName>loc-srv</ServiceName>
<Port>135</Port>
<Protocol>tcp</Protocol>
<Description>Microsoft Remote Procedure Call Service was detected on the host.</Description></Vuln>
<Vuln id="11218" VulnName="Web Server HTTP Protocol Version Detected">
<Risk>0</Risk>
<ServiceName>http</ServiceName>
<Port>5800</Port>
<Protocol>tcp</Protocol>
<Description>HTTP protocol version was obtained from the host through web server.</Description></Vuln>
<Vuln id="13017" VulnName="NetBIOS Null Session Enabled">
<Risk>0</Risk>
<ServiceName>microsoft-ds</ServiceName>
<Port>445</Port>
<Protocol>tcp</Protocol>
<Description>NetBIOS Null sessions are enabled on the host.</Description></Vuln>
</VulnsFound>
<AddressesFound>
<Address IPDword="00000000000000000000FFFF0A014A19" IPAddress="10.1.74.25" />
</AddressesFound>
</Host>
</HostData>
</ROOT>
