<?xml version="1.0" encoding="UTF-8"?>
<ROOT xmlns:rsd="urn:www.mcafee.com:foundstone:reportsectiondescription">
<ReportInfo CreationDate="2018-05-09 05:01:26 UTC" ReportType="Risk Data" />
<Jobs JobID="120" ScanName="BD_quetTT1_sang_090518_1" ScanType="Internal" StartTime="2018-05-09 04:41:47 UTC" EndTime="2018-05-09 05:01:22 UTC" TestJob="0" />
<Vulnerability>
<Vuln FaultlineID="694" VulnName="VNC HTTP Console">
<Risk>0</Risk>
<Description>A VNC HTTP remote desktop console was detected.</Description><Observation>The Virtual Network Computing (VNC) software package allows for a user to remotely access a graphical desktop environment. The VNC package includes functionality that allows for a user to gain remote console access by connecting a Java enabled web browser to a VNC HTTP server. 

Performing an HTTP GET for the root directory returned one or more files that are part of the VNC HTTP remote console package.

For more information see:

VNC
http://www.uk.research.att.com/vnc/</Observation><Recommendation>If VNC is not required on the server, it is highly recommended to remove all of its files.  To do so, follow the instructions below:

Removing VNC
-----
For Microsoft Windows:

1. Go to start, settings, and then control panel.

2. Then click on Add/Remove programs.

3. In there, you should see VNC Server. 

4. Uninstall VNC Server.</Recommendation><CVE>CVE-MAP-NOMATCH</CVE>
<Host AssetLabel="" IPDword="00000000000000000000FFFF0A014A19" IPAddress="10.1.74.25" OSName="Windows Server 2003 R2 (Service Pack 2)" DNSName="" NBName="SERVER-BFNNH0D5" NBWorkGroupName="WORKGROUP">
<Service ServiceName="ftp" Port="21" Protocol="tcp" />
<Service ServiceName="http" Port="5800" Protocol="tcp" />
<Service ServiceName="loc-srv" Port="135" Protocol="tcp" />
<Service ServiceName="netbios-ns" Port="137" Protocol="udp" />
<Service ServiceName="netbios-ssn" Port="139" Protocol="tcp" />
<Service ServiceName="microsoft-ds" Port="445" Protocol="tcp" />
<Service ServiceName="h323hostcall" Port="1720" Protocol="tcp" />
<Service ServiceName="ms-term-service" Port="3389" Protocol="tcp" />
<Service ServiceName="mstaskremo" Port="1026" Protocol="tcp" />
<Service ServiceName="vnc" Port="5900" Protocol="tcp" />
</Host>
</Vuln>
<Vuln FaultlineID="864" VulnName="NetBIOS NBTSTAT -A">
<Risk>0</Risk>
<Description>It is possible to retrieve NetBIOS Name Service information.</Description><Observation>All Microsoft Windows platforms include support for the NetBIOS network protocol stack. The NetBIOS protocol provides the underlying support for Microsoft Windows file and resource sharing. One component of all Microsoft Windows NetBIOS implementations is the NetBIOS Name Service.

The NetBIOS Name Service listens for name service requests on UDP port 137. It can be queried to retrieve a listing of currently logged in user accounts and groups. In addition, the MAC address for the network interface over which the query is performed is included in the response to a nbtstat -A request.

The DOS nbtstat command can be used to perform this operation. To do so, open a DOS command prompt and run the following command:

nbtstat -A target_system

Where target_system is the IP address or hostname of the target system.</Observation><Recommendation>Disable the NetBIOS Name Service to prevent access to NBTSTAT -A information.

Workaround: Block access to UDP port 137 using a firewall. 

Contact the operating system vendor for hardening steps specific to the operating system.</Recommendation><CVE>CVE-MAP-NOMATCH</CVE>
<Host AssetLabel="" IPDword="00000000000000000000FFFF0A014A19" IPAddress="10.1.74.25" OSName="Windows Server 2003 R2 (Service Pack 2)" DNSName="" NBName="SERVER-BFNNH0D5" NBWorkGroupName="WORKGROUP">
<Service ServiceName="ftp" Port="21" Protocol="tcp" />
<Service ServiceName="http" Port="5800" Protocol="tcp" />
<Service ServiceName="loc-srv" Port="135" Protocol="tcp" />
<Service ServiceName="netbios-ns" Port="137" Protocol="udp" />
<Service ServiceName="netbios-ssn" Port="139" Protocol="tcp" />
<Service ServiceName="microsoft-ds" Port="445" Protocol="tcp" />
<Service ServiceName="h323hostcall" Port="1720" Protocol="tcp" />
<Service ServiceName="ms-term-service" Port="3389" Protocol="tcp" />
<Service ServiceName="mstaskremo" Port="1026" Protocol="tcp" />
<Service ServiceName="vnc" Port="5900" Protocol="tcp" />
</Host>
</Vuln>
<Vuln FaultlineID="891" VulnName="VNC Server Detected">
<Risk>0</Risk>
<Description>A VNC server has been detected on the host.</Description><Observation>An open VNC connection will allow an attacker to obtain sensitive information about the host and possibly gain access to the system.</Observation><Recommendation>A VNC Server application was detected. The affected system should be examined to determine which VNC application is installed. Once determined, it should be removed unless being used for legitimate business purposes.  

To uninstall VNC for Windows NT/2000/XP:
-----

To uninstall using the Add/Remove Programs control panel:

1. Go to the Start menu, select Settings and then Control Panel.

2. Double-click the Add/Remove Programs icon.

3. Select VNC.

4. Click the Add/Remove button.</Recommendation><CVE>CVE-MAP-NOMATCH</CVE>
<Host AssetLabel="" IPDword="00000000000000000000FFFF0A014A19" IPAddress="10.1.74.25" OSName="Windows Server 2003 R2 (Service Pack 2)" DNSName="" NBName="SERVER-BFNNH0D5" NBWorkGroupName="WORKGROUP">
<Service ServiceName="ftp" Port="21" Protocol="tcp" />
<Service ServiceName="http" Port="5800" Protocol="tcp" />
<Service ServiceName="loc-srv" Port="135" Protocol="tcp" />
<Service ServiceName="netbios-ns" Port="137" Protocol="udp" />
<Service ServiceName="netbios-ssn" Port="139" Protocol="tcp" />
<Service ServiceName="microsoft-ds" Port="445" Protocol="tcp" />
<Service ServiceName="h323hostcall" Port="1720" Protocol="tcp" />
<Service ServiceName="ms-term-service" Port="3389" Protocol="tcp" />
<Service ServiceName="mstaskremo" Port="1026" Protocol="tcp" />
<Service ServiceName="vnc" Port="5900" Protocol="tcp" />
</Host>
</Vuln>
<Vuln FaultlineID="955" VulnName="Microsoft Windows Terminal Service">
<Risk>0</Risk>
<Description>Microsoft Windows Terminal service has been detected on the target host.</Description><Observation>Terminal Services allows the remote, full-access administration of any server running Microsoft Windows. This service is optional, and can be disabled at any time.  

If an attacker gains a valid username and password, he can use this service to gain further access on the remote host.

Windows XP uses Terminal Services to provide additional functionality such as Fast User Switch, and Remote Assistance.

Vulnerable Systems:

Microsoft Windows 2000, NT, XP, 2003</Observation><Recommendation>Disable Terminal Services if not in use. Ensure that account policies for Terminal Server users is as restrictive as possible.  

To disable Terminal Services:

For Windows 2000 and NT

1. Click Start &gt; Settings &gt; Control Panel.
2. Double click Add/Remove programs.
3. In the Add/Remove programs window, click Add/Remove Windows Components.
4. Scroll down and click Terminal Services.  Then click Next twice to remove it.</Recommendation><CVE>CVE-MAP-NOMATCH</CVE>
<Host AssetLabel="" IPDword="00000000000000000000FFFF0A014A19" IPAddress="10.1.74.25" OSName="Windows Server 2003 R2 (Service Pack 2)" DNSName="" NBName="SERVER-BFNNH0D5" NBWorkGroupName="WORKGROUP">
<Service ServiceName="ftp" Port="21" Protocol="tcp" />
<Service ServiceName="http" Port="5800" Protocol="tcp" />
<Service ServiceName="loc-srv" Port="135" Protocol="tcp" />
<Service ServiceName="netbios-ns" Port="137" Protocol="udp" />
<Service ServiceName="netbios-ssn" Port="139" Protocol="tcp" />
<Service ServiceName="microsoft-ds" Port="445" Protocol="tcp" />
<Service ServiceName="h323hostcall" Port="1720" Protocol="tcp" />
<Service ServiceName="ms-term-service" Port="3389" Protocol="tcp" />
<Service ServiceName="mstaskremo" Port="1026" Protocol="tcp" />
<Service ServiceName="vnc" Port="5900" Protocol="tcp" />
</Host>
</Vuln>
<Vuln FaultlineID="4643" VulnName="LSASS RPC Interface Detected">
<Risk>0</Risk>
<Description>LSASS RPC Interface Detected.</Description><Observation>LSASS RPC Interface Detected.</Observation><Recommendation>It is recommended to block the following ports at the network perimeter: 135/TCP,UDP,137/UDP, 138/TCP,UDP, 139/TCP,UDP, 445/TCP,UDP, 593/TCP, 1025/TCP,
1026/TCP.</Recommendation><Host AssetLabel="" IPDword="00000000000000000000FFFF0A014A19" IPAddress="10.1.74.25" OSName="Windows Server 2003 R2 (Service Pack 2)" DNSName="" NBName="SERVER-BFNNH0D5" NBWorkGroupName="WORKGROUP">
<Service ServiceName="ftp" Port="21" Protocol="tcp" />
<Service ServiceName="http" Port="5800" Protocol="tcp" />
<Service ServiceName="loc-srv" Port="135" Protocol="tcp" />
<Service ServiceName="netbios-ns" Port="137" Protocol="udp" />
<Service ServiceName="netbios-ssn" Port="139" Protocol="tcp" />
<Service ServiceName="microsoft-ds" Port="445" Protocol="tcp" />
<Service ServiceName="h323hostcall" Port="1720" Protocol="tcp" />
<Service ServiceName="ms-term-service" Port="3389" Protocol="tcp" />
<Service ServiceName="mstaskremo" Port="1026" Protocol="tcp" />
<Service ServiceName="vnc" Port="5900" Protocol="tcp" />
</Host>
</Vuln>
<Vuln FaultlineID="6911" VulnName="FTP Server Found">
<Risk>0</Risk>
<Description>An FTP server was detected on the host.</Description><Observation>The File Transfer Protocol (FTP) is a protocol used for transferring files over an Internet Protocol (IP) network.

An FTP server was detected on the host.</Observation><Recommendation>Verify that the FTP server's configuration complies with corporate policy.</Recommendation><Host AssetLabel="" IPDword="00000000000000000000FFFF0A014A19" IPAddress="10.1.74.25" OSName="Windows Server 2003 R2 (Service Pack 2)" DNSName="" NBName="SERVER-BFNNH0D5" NBWorkGroupName="WORKGROUP">
<Service ServiceName="ftp" Port="21" Protocol="tcp" />
<Service ServiceName="http" Port="5800" Protocol="tcp" />
<Service ServiceName="loc-srv" Port="135" Protocol="tcp" />
<Service ServiceName="netbios-ns" Port="137" Protocol="udp" />
<Service ServiceName="netbios-ssn" Port="139" Protocol="tcp" />
<Service ServiceName="microsoft-ds" Port="445" Protocol="tcp" />
<Service ServiceName="h323hostcall" Port="1720" Protocol="tcp" />
<Service ServiceName="ms-term-service" Port="3389" Protocol="tcp" />
<Service ServiceName="mstaskremo" Port="1026" Protocol="tcp" />
<Service ServiceName="vnc" Port="5900" Protocol="tcp" />
</Host>
</Vuln>
<Vuln FaultlineID="8489" VulnName="NetBIOS Bindings Information Detected">
<Risk>0</Risk>
<Description>NetBIOS bindings information was detected on the host.</Description><Observation>NetBIOS is a service which allows different computers to communicate with each other over a local area network.

NetBIOS bindings information was detected on the host.</Observation><Recommendation>Ensure that NetBIOS service complies with organizational policies.</Recommendation><Host AssetLabel="" IPDword="00000000000000000000FFFF0A014A19" IPAddress="10.1.74.25" OSName="Windows Server 2003 R2 (Service Pack 2)" DNSName="" NBName="SERVER-BFNNH0D5" NBWorkGroupName="WORKGROUP">
<Service ServiceName="ftp" Port="21" Protocol="tcp" />
<Service ServiceName="http" Port="5800" Protocol="tcp" />
<Service ServiceName="loc-srv" Port="135" Protocol="tcp" />
<Service ServiceName="netbios-ns" Port="137" Protocol="udp" />
<Service ServiceName="netbios-ssn" Port="139" Protocol="tcp" />
<Service ServiceName="microsoft-ds" Port="445" Protocol="tcp" />
<Service ServiceName="h323hostcall" Port="1720" Protocol="tcp" />
<Service ServiceName="ms-term-service" Port="3389" Protocol="tcp" />
<Service ServiceName="mstaskremo" Port="1026" Protocol="tcp" />
<Service ServiceName="vnc" Port="5900" Protocol="tcp" />
</Host>
</Vuln>
<Vuln FaultlineID="8490" VulnName="NetBIOS Names Information Accessible">
<Risk>0</Risk>
<Description>Microsoft NetBIOS names information was detected on the host.</Description><Observation>Microsoft NetBIOS is a service developed to communicate with different computers over a local network.

Microsoft NetBIOS names information was detected on the host.</Observation><Recommendation>Ensure that Microsoft NetBIOS complies with organizational policies.</Recommendation><Host AssetLabel="" IPDword="00000000000000000000FFFF0A014A19" IPAddress="10.1.74.25" OSName="Windows Server 2003 R2 (Service Pack 2)" DNSName="" NBName="SERVER-BFNNH0D5" NBWorkGroupName="WORKGROUP">
<Service ServiceName="ftp" Port="21" Protocol="tcp" />
<Service ServiceName="http" Port="5800" Protocol="tcp" />
<Service ServiceName="loc-srv" Port="135" Protocol="tcp" />
<Service ServiceName="netbios-ns" Port="137" Protocol="udp" />
<Service ServiceName="netbios-ssn" Port="139" Protocol="tcp" />
<Service ServiceName="microsoft-ds" Port="445" Protocol="tcp" />
<Service ServiceName="h323hostcall" Port="1720" Protocol="tcp" />
<Service ServiceName="ms-term-service" Port="3389" Protocol="tcp" />
<Service ServiceName="mstaskremo" Port="1026" Protocol="tcp" />
<Service ServiceName="vnc" Port="5900" Protocol="tcp" />
</Host>
</Vuln>
<Vuln FaultlineID="10224" VulnName="Hidden WWW Server Name Detected">
<Risk>0</Risk>
<Description>Hidden WWW server name detected.</Description><Observation>WWW server is a computer application for delivering web based contents using HTTP.

Hidden WWW server name detected. Web server name can be hidden as a security measure.</Observation><Recommendation>Ensure that web server complies with corporate policy.</Recommendation><Host AssetLabel="" IPDword="00000000000000000000FFFF0A014A19" IPAddress="10.1.74.25" OSName="Windows Server 2003 R2 (Service Pack 2)" DNSName="" NBName="SERVER-BFNNH0D5" NBWorkGroupName="WORKGROUP">
<Service ServiceName="ftp" Port="21" Protocol="tcp" />
<Service ServiceName="http" Port="5800" Protocol="tcp" />
<Service ServiceName="loc-srv" Port="135" Protocol="tcp" />
<Service ServiceName="netbios-ns" Port="137" Protocol="udp" />
<Service ServiceName="netbios-ssn" Port="139" Protocol="tcp" />
<Service ServiceName="microsoft-ds" Port="445" Protocol="tcp" />
<Service ServiceName="h323hostcall" Port="1720" Protocol="tcp" />
<Service ServiceName="ms-term-service" Port="3389" Protocol="tcp" />
<Service ServiceName="mstaskremo" Port="1026" Protocol="tcp" />
<Service ServiceName="vnc" Port="5900" Protocol="tcp" />
</Host>
</Vuln>
<Vuln FaultlineID="11067" VulnName="FTP Server With Clear Text Authentication Detected">
<Risk>0</Risk>
<Description>FTP server with clear text authentication was detected on the host.</Description><Observation>A FTP server is used for transferring files to and from remote systems connected in a network.

FTP server with clear text authentication was detected on the host.</Observation><Recommendation>Ensure that the FTP server complies with organizational policy.</Recommendation><Host AssetLabel="" IPDword="00000000000000000000FFFF0A014A19" IPAddress="10.1.74.25" OSName="Windows Server 2003 R2 (Service Pack 2)" DNSName="" NBName="SERVER-BFNNH0D5" NBWorkGroupName="WORKGROUP">
<Service ServiceName="ftp" Port="21" Protocol="tcp" />
<Service ServiceName="http" Port="5800" Protocol="tcp" />
<Service ServiceName="loc-srv" Port="135" Protocol="tcp" />
<Service ServiceName="netbios-ns" Port="137" Protocol="udp" />
<Service ServiceName="netbios-ssn" Port="139" Protocol="tcp" />
<Service ServiceName="microsoft-ds" Port="445" Protocol="tcp" />
<Service ServiceName="h323hostcall" Port="1720" Protocol="tcp" />
<Service ServiceName="ms-term-service" Port="3389" Protocol="tcp" />
<Service ServiceName="mstaskremo" Port="1026" Protocol="tcp" />
<Service ServiceName="vnc" Port="5900" Protocol="tcp" />
</Host>
</Vuln>
<Vuln FaultlineID="11090" VulnName="FTP Server Detected">
<Risk>0</Risk>
<Description>A FTP server was detected on the host.</Description><Observation>A FTP server is used for transferring files to and from remote systems connected in a network.

A FTP server was detected on the host.</Observation><Recommendation>Ensure that the FTP server complies with organizational policy.</Recommendation><Host AssetLabel="" IPDword="00000000000000000000FFFF0A014A19" IPAddress="10.1.74.25" OSName="Windows Server 2003 R2 (Service Pack 2)" DNSName="" NBName="SERVER-BFNNH0D5" NBWorkGroupName="WORKGROUP">
<Service ServiceName="ftp" Port="21" Protocol="tcp" />
<Service ServiceName="http" Port="5800" Protocol="tcp" />
<Service ServiceName="loc-srv" Port="135" Protocol="tcp" />
<Service ServiceName="netbios-ns" Port="137" Protocol="udp" />
<Service ServiceName="netbios-ssn" Port="139" Protocol="tcp" />
<Service ServiceName="microsoft-ds" Port="445" Protocol="tcp" />
<Service ServiceName="h323hostcall" Port="1720" Protocol="tcp" />
<Service ServiceName="ms-term-service" Port="3389" Protocol="tcp" />
<Service ServiceName="mstaskremo" Port="1026" Protocol="tcp" />
<Service ServiceName="vnc" Port="5900" Protocol="tcp" />
</Host>
</Vuln>
<Vuln FaultlineID="11192" VulnName="Microsoft Remote Procedure Call Service Detected">
<Risk>0</Risk>
<Description>Microsoft Remote Procedure Call Service was detected on the host.</Description><Observation>Microsoft Remote Procedure Call Service (MSRPC) service is the DCE RPC mechanism implemented by Microsoft. It supports inheritance of interfaces, Unicode strings and implicit handles.

Microsoft Remote Procedure Call Service was detected on the host.</Observation><Recommendation>Ensure that MSRPC complies with organizational policy.</Recommendation><Host AssetLabel="" IPDword="00000000000000000000FFFF0A014A19" IPAddress="10.1.74.25" OSName="Windows Server 2003 R2 (Service Pack 2)" DNSName="" NBName="SERVER-BFNNH0D5" NBWorkGroupName="WORKGROUP">
<Service ServiceName="ftp" Port="21" Protocol="tcp" />
<Service ServiceName="http" Port="5800" Protocol="tcp" />
<Service ServiceName="loc-srv" Port="135" Protocol="tcp" />
<Service ServiceName="netbios-ns" Port="137" Protocol="udp" />
<Service ServiceName="netbios-ssn" Port="139" Protocol="tcp" />
<Service ServiceName="microsoft-ds" Port="445" Protocol="tcp" />
<Service ServiceName="h323hostcall" Port="1720" Protocol="tcp" />
<Service ServiceName="ms-term-service" Port="3389" Protocol="tcp" />
<Service ServiceName="mstaskremo" Port="1026" Protocol="tcp" />
<Service ServiceName="vnc" Port="5900" Protocol="tcp" />
</Host>
</Vuln>
<Vuln FaultlineID="11218" VulnName="Web Server HTTP Protocol Version Detected">
<Risk>0</Risk>
<Description>HTTP protocol version was obtained from the host through web server.</Description><Observation>Web servers are widely used to serve static and dynamic content and render it in the client's browser.

HTTP protocol version was obtained from the host through web server.</Observation><Recommendation>Ensure that web server complies with organizational policy.</Recommendation><Host AssetLabel="" IPDword="00000000000000000000FFFF0A014A19" IPAddress="10.1.74.25" OSName="Windows Server 2003 R2 (Service Pack 2)" DNSName="" NBName="SERVER-BFNNH0D5" NBWorkGroupName="WORKGROUP">
<Service ServiceName="ftp" Port="21" Protocol="tcp" />
<Service ServiceName="http" Port="5800" Protocol="tcp" />
<Service ServiceName="loc-srv" Port="135" Protocol="tcp" />
<Service ServiceName="netbios-ns" Port="137" Protocol="udp" />
<Service ServiceName="netbios-ssn" Port="139" Protocol="tcp" />
<Service ServiceName="microsoft-ds" Port="445" Protocol="tcp" />
<Service ServiceName="h323hostcall" Port="1720" Protocol="tcp" />
<Service ServiceName="ms-term-service" Port="3389" Protocol="tcp" />
<Service ServiceName="mstaskremo" Port="1026" Protocol="tcp" />
<Service ServiceName="vnc" Port="5900" Protocol="tcp" />
</Host>
</Vuln>
<Vuln FaultlineID="13017" VulnName="NetBIOS Null Session Enabled">
<Risk>0</Risk>
<Description>NetBIOS Null sessions are enabled on the host.</Description><Observation>A NetBIOS null session allows users to connect to a host remotely with no username and password and perform a limited set of administrative tasks. Null sessions allow the remote user to gather information such as:

1. List users
2. List groups
3. List shares (including hidden shares)
4. Policies (such as minimum password length, etc.)

While the enumerated information is not an immediate risk, much of the information can be leveraged to launch an attack to gain user or administrative privilege. All steps should be taken to eliminate the vulnerability and/or reduce the information available to the attacker.

This check only attempts to establish a NetBIOS null session with the host. It does not attempt to determine what information is accessible with the null session.
</Observation><Recommendation>Disable or restrict null session access to network shares.

For Windows operating systems, the configuration steps may vary based on the type of operating system and Domain or Local Security policies. Contact the operating system vendor for hardening steps specific to the operating system and setup environment.

For Unix Samba based server, make sure that samba's configuration parameter "guest ok"  is set to "no" and set the "restrict anonymous" parameter.

Workaround: Block access to TCP port 139 (NetBIOS) and TCP port 445 using a firewall. 

Note: Blocking access for MVM to both TCP ports 139 and 445 will also block MVM's credential based scans. This should only be done if credential based scans are not needed.</Recommendation><Host AssetLabel="" IPDword="00000000000000000000FFFF0A014A19" IPAddress="10.1.74.25" OSName="Windows Server 2003 R2 (Service Pack 2)" DNSName="" NBName="SERVER-BFNNH0D5" NBWorkGroupName="WORKGROUP">
<Service ServiceName="ftp" Port="21" Protocol="tcp" />
<Service ServiceName="http" Port="5800" Protocol="tcp" />
<Service ServiceName="loc-srv" Port="135" Protocol="tcp" />
<Service ServiceName="netbios-ns" Port="137" Protocol="udp" />
<Service ServiceName="netbios-ssn" Port="139" Protocol="tcp" />
<Service ServiceName="microsoft-ds" Port="445" Protocol="tcp" />
<Service ServiceName="h323hostcall" Port="1720" Protocol="tcp" />
<Service ServiceName="ms-term-service" Port="3389" Protocol="tcp" />
<Service ServiceName="mstaskremo" Port="1026" Protocol="tcp" />
<Service ServiceName="vnc" Port="5900" Protocol="tcp" />
</Host>
</Vuln>
</Vulnerability>
</ROOT>
